<ImportExportXml xmlns:xsi="http://www.w3.org/2001/XMLSchema-instance">
  <Entities></Entities>
  <Roles></Roles>
  <Workflows></Workflows>
  <FieldSecurityProfiles></FieldSecurityProfiles>
  <Templates />
  <EntityMaps />
  <EntityRelationships />
  <OrganizationSettings />
  <optionsets />
  <CustomControls />
  <EntityDataProviders />
  <Connectors>
    <Connector>
      <connectorid>77ff7807-3946-40f8-b27a-1e74cb2dffb8</connectorid>
      <description></description>
      <displayname>CQSConnector</displayname>
      <iconbrandcolor>#007ee5</iconbrandcolor>
      <name>cr8c9_cqsconnector</name>
      <connectortype>1</connectortype>
      <openapidefinition>/Connector/cr8c9_cqsconnector_openapidefinition.json</openapidefinition>
      <connectionparameters>/Connector/cr8c9_cqsconnector_connectionparameters.json</connectionparameters>
      <policytemplateinstances>/Connector/cr8c9_cqsconnector_policytemplateinstances.json</policytemplateinstances>
      <iconblob>/Connector/cr8c9_cqsconnector_iconblob.Png</iconblob>
    </Connector>
  </Connectors>
  <Languages>
    <Language>1033</Language>
  </Languages>
</ImportExportXml>