{
  "properties": {
    "connectionReferences": {
      "shared_msteamsadvvoicefeatures-5f17c19400003d0b17-5fd01ab8b34118ed42": {
        "runtimeSource": "invoker",
        "connection": {
          "connectionReferenceLogicalName": "msl_sharedmsteamsadvvoicefeatures5f17c19400003d0b175fd01ab8b34118ed4_9eb04"
        },
        "api": {
          "name": "shared_msteamsadvvoicefeatures-5f17c19400003d0b17-5fd01ab8b34118ed42"
        }
      }
    },
    "definition": {
      "$schema": "https://schema.management.azure.com/providers/Microsoft.Logic/schemas/2016-06-01/workflowdefinition.json#",
      "contentVersion": "1.0.0.0",
      "parameters": {
        "$connections": {
          "defaultValue": {},
          "type": "Object"
        },
        "$authentication": {
          "defaultValue": {},
          "type": "SecureObject"
        }
      },
      "triggers": {
        "manual": {
          "metadata": {
            "operationMetadataId": "6378cf92-ee6d-4d97-b90e-8965df9cc196"
          },
          "type": "Request",
          "kind": "PowerAppV2",
          "inputs": {
            "schema": {
              "type": "object",
              "properties": {},
              "required": []
            }
          }
        }
      },
      "actions": {
        "Test_calling_AAD_secured_Azure_Function": {
          "runAfter": {},
          "metadata": {
            "operationMetadataId": "984b9404-7917-4436-a2e2-3f4331265ae3"
          },
          "type": "OpenApiConnection",
          "inputs": {
            "host": {
              "connectionName": "shared_msteamsadvvoicefeatures-5f17c19400003d0b17-5fd01ab8b34118ed42",
              "operationId": "TestAzFun",
              "apiId": "/providers/Microsoft.PowerApps/apis/shared_msteamsadvvoicefeatures-5f17c19400003d0b17-5fd01ab8b34118ed42"
            },
            "parameters": {},
            "authentication": "@parameters('$authentication')"
          }
        },
        "Compose": {
          "runAfter": {
            "Test_calling_AAD_secured_Azure_Function": [
              "Succeeded"
            ]
          },
          "metadata": {
            "operationMetadataId": "626646bb-140e-4a3d-af0d-325823e189f4"
          },
          "type": "Compose",
          "inputs": "@body('Test_calling_AAD_secured_Azure_Function')"
        },
        "Respond_to_a_PowerApp_or_flow": {
          "runAfter": {
            "Compose": [
              "Succeeded"
            ]
          },
          "metadata": {
            "operationMetadataId": "1f5e2eeb-3bb5-46bf-9e46-928e1dfcc2e4"
          },
          "type": "Response",
          "kind": "PowerApp",
          "inputs": {
            "statusCode": 200,
            "body": {
              "result": "@{body('Test_calling_AAD_secured_Azure_Function')}"
            },
            "schema": {
              "type": "object",
              "properties": {
                "result": {
                  "title": "Result",
                  "x-ms-dynamically-added": true,
                  "type": "string"
                }
              }
            }
          }
        }
      }
    },
    "templateName": ""
  },
  "schemaVersion": "1.0.0.0"
}