<ImportExportXml version="9.2.22111.206" SolutionPackageVersion="9.2" languagecode="1033" generatedBy="CrmLive" xmlns:xsi="http://www.w3.org/2001/XMLSchema-instance">
  <SolutionManifest>
    <UniqueName>CQSPowerPlatSolution</UniqueName>
    <LocalizedNames>
      <LocalizedName description="CQS-PowerPlat-Solution" languagecode="1033" />
    </LocalizedNames>
    <Descriptions />
    <Version>1.0.0.1</Version>
    <Managed>0</Managed>
    <Publisher>
      <UniqueName>Crc7980</UniqueName>
      <LocalizedNames>
        <LocalizedName description="CDS Default Publisher" languagecode="1033" />
      </LocalizedNames>
      <Descriptions />
      <EMailAddress xsi:nil="true"></EMailAddress>
      <SupportingWebsiteUrl xsi:nil="true"></SupportingWebsiteUrl>
      <CustomizationPrefix>crf94</CustomizationPrefix>
      <CustomizationOptionValuePrefix>54167</CustomizationOptionValuePrefix>
      <Addresses>
        <Address>
          <AddressNumber>1</AddressNumber>
          <AddressTypeCode xsi:nil="true"></AddressTypeCode>
          <City xsi:nil="true"></City>
          <County xsi:nil="true"></County>
          <Country xsi:nil="true"></Country>
          <Fax xsi:nil="true"></Fax>
          <FreightTermsCode xsi:nil="true"></FreightTermsCode>
          <ImportSequenceNumber xsi:nil="true"></ImportSequenceNumber>
          <Latitude xsi:nil="true"></Latitude>
          <Line1 xsi:nil="true"></Line1>
          <Line2 xsi:nil="true"></Line2>
          <Line3 xsi:nil="true"></Line3>
          <Longitude xsi:nil="true"></Longitude>
          <Name xsi:nil="true"></Name>
          <PostalCode xsi:nil="true"></PostalCode>
          <PostOfficeBox xsi:nil="true"></PostOfficeBox>
          <PrimaryContactName xsi:nil="true"></PrimaryContactName>
          <ShippingMethodCode xsi:nil="true"></ShippingMethodCode>
          <StateOrProvince xsi:nil="true"></StateOrProvince>
          <Telephone1 xsi:nil="true"></Telephone1>
          <Telephone2 xsi:nil="true"></Telephone2>
          <Telephone3 xsi:nil="true"></Telephone3>
          <TimeZoneRuleVersionNumber xsi:nil="true"></TimeZoneRuleVersionNumber>
          <UPSZone xsi:nil="true"></UPSZone>
          <UTCOffset xsi:nil="true"></UTCOffset>
          <UTCConversionTimeZoneCode xsi:nil="true"></UTCConversionTimeZoneCode>
        </Address>
        <Address>
          <AddressNumber>2</AddressNumber>
          <AddressTypeCode xsi:nil="true"></AddressTypeCode>
          <City xsi:nil="true"></City>
          <County xsi:nil="true"></County>
          <Country xsi:nil="true"></Country>
          <Fax xsi:nil="true"></Fax>
          <FreightTermsCode xsi:nil="true"></FreightTermsCode>
          <ImportSequenceNumber xsi:nil="true"></ImportSequenceNumber>
          <Latitude xsi:nil="true"></Latitude>
          <Line1 xsi:nil="true"></Line1>
          <Line2 xsi:nil="true"></Line2>
          <Line3 xsi:nil="true"></Line3>
          <Longitude xsi:nil="true"></Longitude>
          <Name xsi:nil="true"></Name>
          <PostalCode xsi:nil="true"></PostalCode>
          <PostOfficeBox xsi:nil="true"></PostOfficeBox>
          <PrimaryContactName xsi:nil="true"></PrimaryContactName>
          <ShippingMethodCode xsi:nil="true"></ShippingMethodCode>
          <StateOrProvince xsi:nil="true"></StateOrProvince>
          <Telephone1 xsi:nil="true"></Telephone1>
          <Telephone2 xsi:nil="true"></Telephone2>
          <Telephone3 xsi:nil="true"></Telephone3>
          <TimeZoneRuleVersionNumber xsi:nil="true"></TimeZoneRuleVersionNumber>
          <UPSZone xsi:nil="true"></UPSZone>
          <UTCOffset xsi:nil="true"></UTCOffset>
          <UTCConversionTimeZoneCode xsi:nil="true"></UTCConversionTimeZoneCode>
        </Address>
      </Addresses>
    </Publisher>
    <RootComponents>
      <RootComponent type="29" id="{08ba0421-7022-ed11-b83e-000d3a4f3a19}" behavior="0" />
      <RootComponent type="29" id="{724ff8c9-0948-ed11-bba1-000d3a182161}" behavior="0" />
      <RootComponent type="29" id="{c91ebfd0-f956-ed11-bba3-000d3a182161}" behavior="0" />
      <RootComponent type="29" id="{e2a6e3f7-a333-ed11-9db1-000d3a4f3a19}" behavior="0" />
      <RootComponent type="29" id="{e901693f-3756-ed11-bba3-000d3a182161}" behavior="0" />
      <RootComponent type="300" schemaName="cr8c9_callqueuescheduler_1886a" behavior="0" />
      <RootComponent type="372" id="{77ff7807-3946-40f8-b27a-1e74cb2dffb8}" schemaName="cr8c9_cqsconnector" behavior="0" />
    </RootComponents>
    <MissingDependencies>
      <MissingDependency>
        <Required type="1" schemaName="environmentvariabledefinition" displayName="Environment Variable Definition" solution="EnvironmentVariables (1.0.2.141)" />
        <Dependent type="300" schemaName="cr8c9_callqueuescheduler_1886a" displayName="Call Queue Scheduler" />
      </MissingDependency>
      <MissingDependency>
        <Required type="1" schemaName="environmentvariablevalue" displayName="Environment Variable Value" solution="EnvironmentVariables (1.0.2.141)" />
        <Dependent type="300" schemaName="cr8c9_callqueuescheduler_1886a" displayName="Call Queue Scheduler" />
      </MissingDependency>
      <MissingDependency>
        <Required type="EnvironmentVariableDefinition" displayName="cr8c9_CustomConnectorAADAppID" solution="Active" id.schemaname="cr8c9_CustomConnectorAADAppID" />
        <Dependent type="372" schemaName="cr8c9_cqsconnector" displayName="CQSConnector" id="{77ff7807-3946-40f8-b27a-1e74cb2dffb8}" />
      </MissingDependency>
      <MissingDependency>
        <Required type="EnvironmentVariableDefinition" displayName="cr8c9_CustomConnectorAADAppSecret" solution="Active" id.schemaname="cr8c9_CustomConnectorAADAppSecret" />
        <Dependent type="372" schemaName="cr8c9_cqsconnector" displayName="CQSConnector" id="{77ff7807-3946-40f8-b27a-1e74cb2dffb8}" />
      </MissingDependency>
      <MissingDependency>
        <Required type="EnvironmentVariableDefinition" displayName="cr8c9_CustomConnectorAzFunctionHostUrl" solution="Active" id.schemaname="cr8c9_CustomConnectorAzFunctionHostUrl" />
        <Dependent type="372" schemaName="cr8c9_cqsconnector" displayName="CQSConnector" id="{77ff7807-3946-40f8-b27a-1e74cb2dffb8}" />
      </MissingDependency>
      <MissingDependency>
        <Required type="EnvironmentVariableDefinition" displayName="cr8c9_CustomConnectorResourceUrl" solution="Active" id.schemaname="cr8c9_CustomConnectorResourceUrl" />
        <Dependent type="372" schemaName="cr8c9_cqsconnector" displayName="CQSConnector" id="{77ff7807-3946-40f8-b27a-1e74cb2dffb8}" />
      </MissingDependency>
    </MissingDependencies>
  </SolutionManifest>
</ImportExportXml>