<environmentvariabledefinition schemaname="msl_shared_sharepointonline_46f9e6e4aa4142c6b9e609e0a6d5f86e">
  <apiid>/providers/microsoft.powerapps/apis/shared_sharepointonline</apiid>
  <displayname default="ShiftsManifest">
    <label description="ShiftsManifest" languagecode="1033" />
  </displayname>
  <introducedversion>1.0.0.1</introducedversion>
  <iscustomizable>1</iscustomizable>
  <isrequired>0</isrequired>
  <parameterkey>table</parameterkey>
  <parentdefinitionid>
    <schemaname>msl_shared_sharepointonline_df32243463274ea3b54f375180e8a35a</schemaname>
  </parentdefinitionid>
  <secretstore>0</secretstore>
  <type>100000004</type>
</environmentvariabledefinition>