<environmentvariabledefinition schemaname="crf94_shared_sharepointonline_fdcfe495e1794c2dbcc1f48b9340fcaf">
  <apiid>/providers/microsoft.powerapps/apis/shared_sharepointonline</apiid>
  <displayname default="CallQueueOwners">
    <label description="CallQueueOwners" languagecode="1033" />
  </displayname>
  <introducedversion>1.0.0.2</introducedversion>
  <iscustomizable>1</iscustomizable>
  <isrequired>0</isrequired>
  <parameterkey>table</parameterkey>
  <parentdefinitionid>
    <schemaname>msl_shared_sharepointonline_df32243463274ea3b54f375180e8a35a</schemaname>
  </parentdefinitionid>
  <secretstore>0</secretstore>
  <type>100000004</type>
</environmentvariabledefinition>