{
  "properties": {
    "connectionReferences": {
      "shared_sharepointonline_1": {
        "runtimeSource": "invoker",
        "connection": {
          "connectionReferenceLogicalName": "msl_sharedsharepointonline_34512"
        },
        "api": {
          "name": "shared_sharepointonline"
        }
      }
    },
    "definition": {
      "$schema": "https://schema.management.azure.com/providers/Microsoft.Logic/schemas/2016-06-01/workflowdefinition.json#",
      "contentVersion": "1.0.0.0",
      "parameters": {
        "$connections": {
          "defaultValue": {},
          "type": "Object"
        },
        "$authentication": {
          "defaultValue": {},
          "type": "SecureObject"
        },
        "ShiftsManifest (msl_shared_sharepointonline_46f9e6e4aa4142c6b9e609e0a6d5f86e)": {
          "defaultValue": "ade46535-7cd3-4418-b872-5b752c830dfa",
          "type": "String",
          "metadata": {
            "schemaName": "msl_shared_sharepointonline_46f9e6e4aa4142c6b9e609e0a6d5f86e"
          }
        },
        "CQS Admin SPO Site Url (msl_shared_sharepointonline_df32243463274ea3b54f375180e8a35a)": {
          "defaultValue": "https://m365x229910.sharepoint.com/sites/ShiftsManager",
          "type": "String",
          "metadata": {
            "schemaName": "msl_shared_sharepointonline_df32243463274ea3b54f375180e8a35a"
          }
        }
      },
      "triggers": {
        "manual": {
          "metadata": {
            "operationMetadataId": "cce05ba3-d5e5-4baa-9fb9-4bb0f7bd8c5d"
          },
          "type": "Request",
          "kind": "Button",
          "inputs": {
            "schema": {
              "type": "object",
              "properties": {},
              "required": []
            }
          }
        }
      },
      "actions": {
        "Get_items": {
          "runAfter": {},
          "metadata": {
            "operationMetadataId": "fe35e8f8-4efc-4a39-af18-64ad5859ee3f"
          },
          "type": "OpenApiConnection",
          "inputs": {
            "host": {
              "connectionName": "shared_sharepointonline_1",
              "operationId": "GetItems",
              "apiId": "/providers/Microsoft.PowerApps/apis/shared_sharepointonline"
            },
            "parameters": {
              "dataset": "@parameters('CQS Admin SPO Site Url (msl_shared_sharepointonline_df32243463274ea3b54f375180e8a35a)')",
              "table": "@parameters('ShiftsManifest (msl_shared_sharepointonline_46f9e6e4aa4142c6b9e609e0a6d5f86e)')",
              "$top": 5000
            },
            "authentication": {
              "type": "Raw",
              "value": "@json(decodeBase64(triggerOutputs().headers['X-MS-APIM-Tokens']))['$ConnectionKey']"
            }
          }
        },
        "Select": {
          "runAfter": {
            "Get_items": [
              "Succeeded"
            ]
          },
          "metadata": {
            "operationMetadataId": "2eff07de-44bf-46eb-b112-5645f4a09b43"
          },
          "type": "Select",
          "inputs": {
            "from": "@outputs('Get_items')?['body/value']",
            "select": {
              "Title": "@item()?['Title']",
              "StartDate": "@item()?['AgentShiftDate']",
              "StartTime": "@item()?['Time']",
              "EndDate": "@item()?['EndDate']",
              "EndTime": "@item()?['EndTime']",
              "AgentEmail": "@item()?['AgentEmail']",
              "AgentUserId": "@item()?['AgentUserId']",
              "AgentDisplayName": "@item()?['AgentDisplayName']",
              "ActionType": "@item()?['ActionType/Value']",
              "IsComplet": "@item()?['IsComplete']",
              "AddedVia": "@item()?['AddedVia']",
              "AddModBy": "@item()?['AddModBy']",
              "Removed": "@item()?['Removed']",
              "ShiftLink": "@item()?['ShiftLink']"
            }
          }
        },
        "Create_CSV_table": {
          "runAfter": {
            "Select": [
              "Succeeded"
            ]
          },
          "metadata": {
            "operationMetadataId": "ec15ac79-0096-4092-9fa4-cb034420b4cf"
          },
          "type": "Table",
          "inputs": {
            "from": "@body('Select')",
            "format": "CSV"
          }
        },
        "Create_file": {
          "runAfter": {
            "Create_CSV_table": [
              "Succeeded"
            ]
          },
          "metadata": {
            "operationMetadataId": "998cc957-796b-4d52-addf-084138b15d04"
          },
          "type": "OpenApiConnection",
          "inputs": {
            "host": {
              "connectionName": "shared_sharepointonline_1",
              "operationId": "CreateFile",
              "apiId": "/providers/Microsoft.PowerApps/apis/shared_sharepointonline"
            },
            "parameters": {
              "dataset": "@parameters('CQS Admin SPO Site Url (msl_shared_sharepointonline_df32243463274ea3b54f375180e8a35a)')",
              "folderPath": "/ShiftsManifestArchive",
              "name": "ManifestArchive-@{formatDateTime(utcNow(), 'mmm-dd-yyyy hhmmss')}.csv",
              "body": "@body('Create_CSV_table')"
            },
            "authentication": {
              "type": "Raw",
              "value": "@json(decodeBase64(triggerOutputs().headers['X-MS-APIM-Tokens']))['$ConnectionKey']"
            }
          },
          "runtimeConfiguration": {
            "contentTransfer": {
              "transferMode": "Chunked"
            }
          }
        },
        "Apply_to_each": {
          "foreach": "@outputs('Get_items')?['body/value']",
          "actions": {
            "Delete_item": {
              "runAfter": {},
              "metadata": {
                "operationMetadataId": "6654f5c4-1c1d-4da3-9a52-8e4daa865ff9"
              },
              "type": "OpenApiConnection",
              "inputs": {
                "host": {
                  "connectionName": "shared_sharepointonline_1",
                  "operationId": "DeleteItem",
                  "apiId": "/providers/Microsoft.PowerApps/apis/shared_sharepointonline"
                },
                "parameters": {
                  "dataset": "@parameters('CQS Admin SPO Site Url (msl_shared_sharepointonline_df32243463274ea3b54f375180e8a35a)')",
                  "table": "@parameters('ShiftsManifest (msl_shared_sharepointonline_46f9e6e4aa4142c6b9e609e0a6d5f86e)')",
                  "id": "@items('Apply_to_each')?['ID']"
                },
                "authentication": {
                  "type": "Raw",
                  "value": "@json(decodeBase64(triggerOutputs().headers['X-MS-APIM-Tokens']))['$ConnectionKey']"
                }
              }
            }
          },
          "runAfter": {
            "Create_file": [
              "Succeeded"
            ]
          },
          "metadata": {
            "operationMetadataId": "3956e3ce-48ad-40be-af85-3db2eb01254f"
          },
          "type": "Foreach"
        }
      }
    },
    "templateName": ""
  },
  "schemaVersion": "1.0.0.0"
}