{
  "properties": {
    "connectionReferences": {
      "shared_sharepointonline_2": {
        "runtimeSource": "invoker",
        "connection": {
          "connectionReferenceLogicalName": "msl_sharedsharepointonline_34512"
        },
        "api": {
          "name": "shared_sharepointonline"
        }
      },
      "shared_office365users": {
        "runtimeSource": "invoker",
        "connection": {
          "connectionReferenceLogicalName": "msl_sharedoffice365users_d4483"
        },
        "api": {
          "name": "shared_office365users"
        }
      },
      "shared_cqsconnector-5f17c19400003d0b17-5fd01ab8b34118ed42": {
        "runtimeSource": "invoker",
        "connection": {
          "connectionReferenceLogicalName": "cr8c9_sharedcqsconnector5f17c19400003d0b175fd01ab8b34118ed42_b2d91"
        },
        "api": {
          "name": "shared_cqsconnector-5f17c19400003d0b17-5fd01ab8b34118ed42",
          "logicalName": "cr8c9_cqsconnector"
        }
      }
    },
    "definition": {
      "$schema": "https://schema.management.azure.com/providers/Microsoft.Logic/schemas/2016-06-01/workflowdefinition.json#",
      "contentVersion": "1.0.0.0",
      "parameters": {
        "$connections": {
          "defaultValue": {},
          "type": "Object"
        },
        "$authentication": {
          "defaultValue": {},
          "type": "SecureObject"
        },
        "ShiftsManifest (msl_shared_sharepointonline_46f9e6e4aa4142c6b9e609e0a6d5f86e)": {
          "defaultValue": "ade46535-7cd3-4418-b872-5b752c830dfa",
          "type": "String",
          "metadata": {
            "schemaName": "msl_shared_sharepointonline_46f9e6e4aa4142c6b9e609e0a6d5f86e"
          }
        },
        "ShiftsCSVDocuments (msl_shared_sharepointonline_276b1f7a73d649ed87606998b9abf39c)": {
          "defaultValue": "d15c6ada-9e10-4908-a49a-ad4698db5470",
          "type": "String",
          "metadata": {
            "schemaName": "msl_shared_sharepointonline_276b1f7a73d649ed87606998b9abf39c"
          }
        },
        "CQS Admin SPO Site Url (msl_shared_sharepointonline_df32243463274ea3b54f375180e8a35a)": {
          "defaultValue": "https://m365x229910.sharepoint.com/sites/ShiftsManager",
          "type": "String",
          "metadata": {
            "schemaName": "msl_shared_sharepointonline_df32243463274ea3b54f375180e8a35a"
          }
        }
      },
      "triggers": {
        "manual": {
          "metadata": {
            "operationMetadataId": "0c1c77f2-0110-41a9-b687-1f2d663a41c1"
          },
          "type": "Request",
          "kind": "PowerAppV2",
          "inputs": {
            "schema": {
              "type": "object",
              "properties": {
                "file": {
                  "title": "File Content",
                  "type": "object",
                  "x-ms-dynamically-added": true,
                  "description": "Please select file or image",
                  "x-ms-content-hint": "FILE",
                  "properties": {
                    "name": {
                      "type": "string"
                    },
                    "contentBytes": {
                      "type": "string",
                      "format": "byte"
                    }
                  }
                }
              },
              "required": [
                "file"
              ]
            }
          }
        }
      },
      "actions": {
        "Create_file": {
          "runAfter": {},
          "metadata": {
            "operationMetadataId": "ceb47f27-1263-408b-b5d7-36fa170f178d"
          },
          "type": "OpenApiConnection",
          "inputs": {
            "host": {
              "connectionName": "shared_sharepointonline_2",
              "operationId": "CreateFile",
              "apiId": "/providers/Microsoft.PowerApps/apis/shared_sharepointonline"
            },
            "parameters": {
              "dataset": "@parameters('CQS Admin SPO Site Url (msl_shared_sharepointonline_df32243463274ea3b54f375180e8a35a)')",
              "folderPath": "/ShiftsCSVDocuments",
              "name": "@triggerBody()['file']['name']",
              "body": "@triggerBody()['file']['contentBytes']"
            },
            "authentication": "@parameters('$authentication')"
          },
          "runtimeConfiguration": {
            "contentTransfer": {
              "transferMode": "Chunked"
            }
          }
        },
        "Get_items": {
          "runAfter": {
            "InvokeCSVParser_2": [
              "Succeeded"
            ]
          },
          "metadata": {
            "operationMetadataId": "7f154014-52e8-488c-98d4-ea82414f751a"
          },
          "type": "OpenApiConnection",
          "inputs": {
            "host": {
              "connectionName": "shared_sharepointonline_2",
              "operationId": "GetItems",
              "apiId": "/providers/Microsoft.PowerApps/apis/shared_sharepointonline"
            },
            "parameters": {
              "dataset": "@parameters('CQS Admin SPO Site Url (msl_shared_sharepointonline_df32243463274ea3b54f375180e8a35a)')",
              "table": "@parameters('ShiftsManifest (msl_shared_sharepointonline_46f9e6e4aa4142c6b9e609e0a6d5f86e)')",
              "$filter": "AddedVia eq '@{triggerBody()['file']['name']}'"
            },
            "authentication": "@parameters('$authentication')"
          }
        },
        "Apply_to_each": {
          "foreach": "@outputs('Get_items')?['body/value']",
          "actions": {
            "SearchByUPN": {
              "runAfter": {},
              "metadata": {
                "operationMetadataId": "cb2599b7-cbb3-4014-9566-a9d2ad34f766"
              },
              "type": "OpenApiConnection",
              "inputs": {
                "host": {
                  "connectionName": "shared_office365users",
                  "operationId": "SearchUserV2",
                  "apiId": "/providers/Microsoft.PowerApps/apis/shared_office365users"
                },
                "parameters": {
                  "searchTerm": "@items('Apply_to_each')?['AgentEmail']",
                  "isSearchTermRequired": true
                },
                "authentication": "@parameters('$authentication')"
              }
            },
            "Update_shift_with_additional_properties": {
              "runAfter": {
                "SearchByUPN": [
                  "Succeeded"
                ]
              },
              "metadata": {
                "operationMetadataId": "a7b899a0-c2a7-471a-b2ce-535dd70c3619"
              },
              "type": "OpenApiConnection",
              "inputs": {
                "host": {
                  "connectionName": "shared_sharepointonline_2",
                  "operationId": "PatchItem",
                  "apiId": "/providers/Microsoft.PowerApps/apis/shared_sharepointonline"
                },
                "parameters": {
                  "dataset": "@parameters('CQS Admin SPO Site Url (msl_shared_sharepointonline_df32243463274ea3b54f375180e8a35a)')",
                  "table": "@parameters('ShiftsManifest (msl_shared_sharepointonline_46f9e6e4aa4142c6b9e609e0a6d5f86e)')",
                  "id": "@items('Apply_to_each')?['ID']",
                  "item/Title": "@items('Apply_to_each')?['Title']",
                  "item/AgentUserId": "@outputs('SearchByUPN')?['body/value'][0]['Id']",
                  "item/AgentDisplayName": "@outputs('SearchByUPN')?['body/value'][0]['DisplayName']",
                  "item/IsComplete": false,
                  "item/Removed": false
                },
                "authentication": "@parameters('$authentication')"
              }
            }
          },
          "runAfter": {
            "Get_items": [
              "Succeeded"
            ]
          },
          "metadata": {
            "operationMetadataId": "d1a8da3e-6a2d-4d5b-9a01-11ccaf54c697"
          },
          "type": "Foreach"
        },
        "Update_file_properties_2": {
          "runAfter": {
            "Apply_to_each": [
              "Succeeded"
            ]
          },
          "metadata": {
            "operationMetadataId": "a41b6ad3-f25b-45a7-849e-63ed710c2a03"
          },
          "type": "OpenApiConnection",
          "inputs": {
            "host": {
              "connectionName": "shared_sharepointonline_2",
              "operationId": "PatchFileItem",
              "apiId": "/providers/Microsoft.PowerApps/apis/shared_sharepointonline"
            },
            "parameters": {
              "dataset": "@parameters('CQS Admin SPO Site Url (msl_shared_sharepointonline_df32243463274ea3b54f375180e8a35a)')",
              "table": "@parameters('ShiftsCSVDocuments (msl_shared_sharepointonline_276b1f7a73d649ed87606998b9abf39c)')",
              "id": "@outputs('Create_file')?['body/ItemId']",
              "item/Title": "@outputs('Create_file')?['body/Name']",
              "item/IsProcessed": true
            },
            "authentication": "@parameters('$authentication')"
          }
        },
        "InvokeCSVParser_2": {
          "runAfter": {
            "Create_file": [
              "Succeeded"
            ]
          },
          "metadata": {
            "operationMetadataId": "f8436ee9-7f3b-4aa8-a077-47f6cddaf0db"
          },
          "type": "OpenApiConnection",
          "inputs": {
            "host": {
              "connectionName": "shared_cqsconnector-5f17c19400003d0b17-5fd01ab8b34118ed42",
              "operationId": "InvokeCSVParser",
              "apiId": ""
            },
            "parameters": {
              "Content-Type": "application/json",
              "Accept": "application/json",
              "body/filename": "@outputs('Create_file')?['body/Name']",
              "body/filecontent": "@triggerBody()['file']['contentBytes']"
            },
            "authentication": "@parameters('$authentication')"
          }
        }
      }
    },
    "templateName": ""
  },
  "schemaVersion": "1.0.0.0"
}