<environmentvariabledefinition schemaname="msl_shared_sharepointonline_276b1f7a73d649ed87606998b9abf39c">
  <apiid>/providers/microsoft.powerapps/apis/shared_sharepointonline</apiid>
  <displayname default="ShiftsCSVDocuments">
    <label description="ShiftsCSVDocuments" languagecode="1033" />
  </displayname>
  <introducedversion>1.0.0.1</introducedversion>
  <iscustomizable>1</iscustomizable>
  <isrequired>0</isrequired>
  <parameterkey>table</parameterkey>
  <parentdefinitionid>
    <schemaname>msl_shared_sharepointonline_df32243463274ea3b54f375180e8a35a</schemaname>
  </parentdefinitionid>
  <secretstore>0</secretstore>
  <type>100000004</type>
</environmentvariabledefinition>