<ImportExportXml xmlns:xsi="http://www.w3.org/2001/XMLSchema-instance">
  <Entities></Entities>
  <Roles></Roles>
  <Workflows>
    <Workflow WorkflowId="{50103104-3f5a-ed11-9562-000d3a182161}" Name="Call-AzFunctionUsingCustomConnector">
      <JsonFileName>/Workflows/Call-AzFunctionUsingCustomConnector-50103104-3F5A-ED11-9562-000D3A182161.json</JsonFileName>
      <Type>1</Type>
      <Subprocess>0</Subprocess>
      <Category>5</Category>
      <Mode>0</Mode>
      <Scope>4</Scope>
      <OnDemand>0</OnDemand>
      <TriggerOnCreate>0</TriggerOnCreate>
      <TriggerOnDelete>0</TriggerOnDelete>
      <AsyncAutodelete>0</AsyncAutodelete>
      <SyncWorkflowLogOnFailure>0</SyncWorkflowLogOnFailure>
      <StateCode>1</StateCode>
      <StatusCode>2</StatusCode>
      <RunAs>1</RunAs>
      <IsTransacted>1</IsTransacted>
      <IntroducedVersion>1.0.0.0</IntroducedVersion>
      <IsCustomizable>1</IsCustomizable>
      <BusinessProcessType>0</BusinessProcessType>
      <IsCustomProcessingStepAllowedForOtherPublishers>1</IsCustomProcessingStepAllowedForOtherPublishers>
      <PrimaryEntity>none</PrimaryEntity>
      <LocalizedNames>
        <LocalizedName languagecode="1033" description="Call-AzFunctionUsingCustomConnector" />
      </LocalizedNames>
    </Workflow>
    <Workflow WorkflowId="{724ff8c9-0948-ed11-bba1-000d3a182161}" Name="Upload-ShiftsCSVFile">
      <JsonFileName>/Workflows/Upload-ShiftsCSVFile-724FF8C9-0948-ED11-BBA1-000D3A182161.json</JsonFileName>
      <Type>1</Type>
      <Subprocess>0</Subprocess>
      <Category>5</Category>
      <Mode>0</Mode>
      <Scope>4</Scope>
      <OnDemand>0</OnDemand>
      <TriggerOnCreate>0</TriggerOnCreate>
      <TriggerOnDelete>0</TriggerOnDelete>
      <AsyncAutodelete>0</AsyncAutodelete>
      <SyncWorkflowLogOnFailure>0</SyncWorkflowLogOnFailure>
      <StateCode>1</StateCode>
      <StatusCode>2</StatusCode>
      <RunAs>1</RunAs>
      <IsTransacted>1</IsTransacted>
      <IntroducedVersion>1.0.0.0</IntroducedVersion>
      <IsCustomizable>1</IsCustomizable>
      <BusinessProcessType>0</BusinessProcessType>
      <IsCustomProcessingStepAllowedForOtherPublishers>1</IsCustomProcessingStepAllowedForOtherPublishers>
      <PrimaryEntity>none</PrimaryEntity>
      <LocalizedNames>
        <LocalizedName languagecode="1033" description="Upload-ShiftsCSVFile" />
      </LocalizedNames>
    </Workflow>
    <Workflow WorkflowId="{e901693f-3756-ed11-bba3-000d3a182161}" Name="Archive-ShiftManifestData">
      <JsonFileName>/Workflows/Archive-ShiftManifestData-E901693F-3756-ED11-BBA3-000D3A182161.json</JsonFileName>
      <Type>1</Type>
      <Subprocess>0</Subprocess>
      <Category>5</Category>
      <Mode>0</Mode>
      <Scope>4</Scope>
      <OnDemand>0</OnDemand>
      <TriggerOnCreate>0</TriggerOnCreate>
      <TriggerOnDelete>0</TriggerOnDelete>
      <AsyncAutodelete>0</AsyncAutodelete>
      <SyncWorkflowLogOnFailure>0</SyncWorkflowLogOnFailure>
      <StateCode>1</StateCode>
      <StatusCode>2</StatusCode>
      <RunAs>1</RunAs>
      <IsTransacted>1</IsTransacted>
      <IntroducedVersion>1.0.0.0</IntroducedVersion>
      <IsCustomizable>1</IsCustomizable>
      <BusinessProcessType>0</BusinessProcessType>
      <IsCustomProcessingStepAllowedForOtherPublishers>1</IsCustomProcessingStepAllowedForOtherPublishers>
      <PrimaryEntity>none</PrimaryEntity>
      <LocalizedNames>
        <LocalizedName languagecode="1033" description="Archive-ShiftManifestData" />
      </LocalizedNames>
    </Workflow>
    <Workflow WorkflowId="{c91ebfd0-f956-ed11-bba3-000d3a182161}" Name="GetCallQueueById">
      <JsonFileName>/Workflows/GetCallQueueById-C91EBFD0-F956-ED11-BBA3-000D3A182161.json</JsonFileName>
      <Type>1</Type>
      <Subprocess>0</Subprocess>
      <Category>5</Category>
      <Mode>0</Mode>
      <Scope>4</Scope>
      <OnDemand>0</OnDemand>
      <TriggerOnCreate>0</TriggerOnCreate>
      <TriggerOnDelete>0</TriggerOnDelete>
      <AsyncAutodelete>0</AsyncAutodelete>
      <SyncWorkflowLogOnFailure>0</SyncWorkflowLogOnFailure>
      <StateCode>1</StateCode>
      <StatusCode>2</StatusCode>
      <RunAs>1</RunAs>
      <IsTransacted>1</IsTransacted>
      <IntroducedVersion>1.0.0.0</IntroducedVersion>
      <IsCustomizable>1</IsCustomizable>
      <BusinessProcessType>0</BusinessProcessType>
      <IsCustomProcessingStepAllowedForOtherPublishers>1</IsCustomProcessingStepAllowedForOtherPublishers>
      <PrimaryEntity>none</PrimaryEntity>
      <LocalizedNames>
        <LocalizedName languagecode="1033" description="GetCallQueueById" />
      </LocalizedNames>
    </Workflow>
    <Workflow WorkflowId="{e2a6e3f7-a333-ed11-9db1-000d3a4f3a19}" Name="UpdateCallQueueAgents">
      <JsonFileName>/Workflows/UpdateCallQueueAgents-E2A6E3F7-A333-ED11-9DB1-000D3A4F3A19.json</JsonFileName>
      <Type>1</Type>
      <Subprocess>0</Subprocess>
      <Category>5</Category>
      <Mode>0</Mode>
      <Scope>4</Scope>
      <OnDemand>0</OnDemand>
      <TriggerOnCreate>0</TriggerOnCreate>
      <TriggerOnDelete>0</TriggerOnDelete>
      <AsyncAutodelete>0</AsyncAutodelete>
      <SyncWorkflowLogOnFailure>0</SyncWorkflowLogOnFailure>
      <StateCode>1</StateCode>
      <StatusCode>2</StatusCode>
      <RunAs>1</RunAs>
      <IsTransacted>1</IsTransacted>
      <IntroducedVersion>1.0.0.0</IntroducedVersion>
      <IsCustomizable>1</IsCustomizable>
      <BusinessProcessType>0</BusinessProcessType>
      <IsCustomProcessingStepAllowedForOtherPublishers>1</IsCustomProcessingStepAllowedForOtherPublishers>
      <PrimaryEntity>none</PrimaryEntity>
      <LocalizedNames>
        <LocalizedName languagecode="1033" description="UpdateCallQueueAgents" />
      </LocalizedNames>
    </Workflow>
    <Workflow WorkflowId="{08ba0421-7022-ed11-b83e-000d3a4f3a19}" Name="GetCallQueues">
      <JsonFileName>/Workflows/GetCallQueues-08BA0421-7022-ED11-B83E-000D3A4F3A19.json</JsonFileName>
      <Type>1</Type>
      <Subprocess>0</Subprocess>
      <Category>5</Category>
      <Mode>0</Mode>
      <Scope>4</Scope>
      <OnDemand>0</OnDemand>
      <TriggerOnCreate>0</TriggerOnCreate>
      <TriggerOnDelete>0</TriggerOnDelete>
      <AsyncAutodelete>0</AsyncAutodelete>
      <SyncWorkflowLogOnFailure>0</SyncWorkflowLogOnFailure>
      <StateCode>1</StateCode>
      <StatusCode>2</StatusCode>
      <RunAs>1</RunAs>
      <IsTransacted>1</IsTransacted>
      <IntroducedVersion>1.0.0.0</IntroducedVersion>
      <IsCustomizable>1</IsCustomizable>
      <BusinessProcessType>0</BusinessProcessType>
      <IsCustomProcessingStepAllowedForOtherPublishers>1</IsCustomProcessingStepAllowedForOtherPublishers>
      <PrimaryEntity>none</PrimaryEntity>
      <LocalizedNames>
        <LocalizedName languagecode="1033" description="GetCallQueues" />
      </LocalizedNames>
    </Workflow>
  </Workflows>
  <FieldSecurityProfiles></FieldSecurityProfiles>
  <Templates />
  <EntityMaps />
  <EntityRelationships />
  <OrganizationSettings />
  <optionsets />
  <CustomControls />
  <EntityDataProviders />
  <CanvasApps>
    <CanvasApp>
      <Name>msl_callqueuemanager_71c41</Name>
      <AppVersion>2022-11-04T21:29:23Z</AppVersion>
      <Status>Ready</Status>
      <CreatedByClientVersion>3.22103.25.0</CreatedByClientVersion>
      <MinClientVersion>3.22103.25.0</MinClientVersion>
      <Tags>{"primaryDeviceWidth":"1366","primaryDeviceHeight":"768","supportsPortrait":"true","supportsLandscape":"true","primaryFormFactor":"Tablet","publisherVersion":"3.22103.25","minimumRequiredApiVersion":"2.2.0","hasComponent":"false","hasUnlockedComponent":"false","isUnifiedRootApp":"false","sienaVersion":"20221104T210938Z-3.22103.25.0"}</Tags>
      <IsCdsUpgraded>0</IsCdsUpgraded>
      <GalleryItemId xsi:nil="true"></GalleryItemId>
      <BackgroundColor>RGBA(0,176,240,1)</BackgroundColor>
      <DisplayName>Call Queue Manager</DisplayName>
      <Description xsi:nil="true"></Description>
      <CommitMessage>Removed hardcoded est to pst calculation and replaced with environment variable</CommitMessage>
      <Publisher xsi:nil="true"></Publisher>
      <AuthorizationReferences>[]</AuthorizationReferences>
      <ConnectionReferences>{"397128ec-06af-44da-b4c3-586d6eb4deed":{"id":"/providers/microsoft.powerapps/apis/shared_logicflows","displayName":"Logic flows","iconUri":"https://connectoricons-prod.azureedge.net/releases/v1.0.1534/1.0.1534.2605/logicflows/icon.png","dataSources":["GetCallQueues"],"dependencies":["83c42903-ca9f-473f-be5a-9963bf20b807"],"dependents":[],"parameterHints":{"workflowName":{"value":"ae20239d-9c40-4e90-a77b-c42c652ad83c"},"workflowEntityId":{"value":"08ba0421-7022-ed11-b83e-000d3a4f3a19"},"83c42903-ca9f-473f-be5a-9963bf20b807":{"value":"shared_msteamsadvvoicefeatures-5f17c19400003d0b17-5fd01ab8b34118ed42"}},"parameterHintsV2":{"workflowName":{"value":"ae20239d-9c40-4e90-a77b-c42c652ad83c"},"workflowEntityId":{"value":"08ba0421-7022-ed11-b83e-000d3a4f3a19"},"shared_msteamsadvvoicefeatures-5f17c19400003d0b17-5fd01ab8b34118ed42":{"value":"83c42903-ca9f-473f-be5a-9963bf20b807"}},"isOnPremiseConnection":false,"bypassConsent":false,"dataSets":{},"apiTier":"Standard","actions":["Run"],"isCustomApiSolutionAware":false},"83c42903-ca9f-473f-be5a-9963bf20b807":{"id":"/providers/microsoft.powerapps/apis/shared_msteamsadvvoicefeatures-5f17c19400003d0b17-5fd01ab8b34118ed42","displayName":"MSTeamsAdvVoiceFeatures","iconUri":"https://prodapiicons.cdn.powerappscdn.net/20221102t000000zd015f9fb888f48b895d14abb8dadf0e1/customconnectoricon.png","dataSources":[],"dependencies":[],"dependents":["397128ec-06af-44da-b4c3-586d6eb4deed","f6bc5582-17fa-4f3b-b6e5-0444ed4a4229","80fcf1dc-25a6-4ba7-a2f6-6869232348be","8f557924-9f66-4778-9c15-b80cc44ae70d"],"parameterHints":{},"parameterHintsV2":{},"isOnPremiseConnection":false,"bypassConsent":false,"dataSets":{},"apiTier":"Standard","isCustomApiSolutionAware":false},"f6bc5582-17fa-4f3b-b6e5-0444ed4a4229":{"id":"/providers/microsoft.powerapps/apis/shared_logicflows","displayName":"Logic flows","iconUri":"https://connectoricons-prod.azureedge.net/releases/v1.0.1534/1.0.1534.2605/logicflows/icon.png","dataSources":["UpdateCallQueueAgents"],"dependencies":["83c42903-ca9f-473f-be5a-9963bf20b807"],"dependents":[],"parameterHints":{"workflowName":{"value":"d902bed5-b1c7-4bb2-9c5c-629573c3d578"},"workflowEntityId":{"value":"e2a6e3f7-a333-ed11-9db1-000d3a4f3a19"},"83c42903-ca9f-473f-be5a-9963bf20b807":{"value":"shared_msteamsadvvoicefeatures-5f17c19400003d0b17-5fd01ab8b34118ed42"}},"parameterHintsV2":{"workflowName":{"value":"d902bed5-b1c7-4bb2-9c5c-629573c3d578"},"workflowEntityId":{"value":"e2a6e3f7-a333-ed11-9db1-000d3a4f3a19"},"shared_msteamsadvvoicefeatures-5f17c19400003d0b17-5fd01ab8b34118ed42":{"value":"83c42903-ca9f-473f-be5a-9963bf20b807"}},"isOnPremiseConnection":false,"bypassConsent":false,"dataSets":{},"apiTier":"Standard","actions":["Run"],"isCustomApiSolutionAware":false},"80fcf1dc-25a6-4ba7-a2f6-6869232348be":{"id":"/providers/microsoft.powerapps/apis/shared_logicflows","displayName":"Logic flows","iconUri":"https://connectoricons-prod.azureedge.net/releases/v1.0.1534/1.0.1534.2605/logicflows/icon.png","dataSources":["Upload-ShiftsCSVFile"],"dependencies":["54acde4c-dd83-4646-9f23-c27b87544590","83c42903-ca9f-473f-be5a-9963bf20b807","8cafae39-ed39-4882-86df-f805907e20f3"],"dependents":[],"parameterHints":{"workflowName":{"value":"4cb718d3-462d-4af9-9746-3db8d829c118"},"workflowEntityId":{"value":"724ff8c9-0948-ed11-bba1-000d3a182161"},"54acde4c-dd83-4646-9f23-c27b87544590":{"value":"shared_sharepointonline"},"83c42903-ca9f-473f-be5a-9963bf20b807":{"value":"shared_msteamsadvvoicefeatures-5f17c19400003d0b17-5fd01ab8b34118ed42"},"8cafae39-ed39-4882-86df-f805907e20f3":{"value":"shared_office365users"}},"parameterHintsV2":{"workflowName":{"value":"4cb718d3-462d-4af9-9746-3db8d829c118"},"workflowEntityId":{"value":"724ff8c9-0948-ed11-bba1-000d3a182161"},"shared_sharepointonline":{"value":"54acde4c-dd83-4646-9f23-c27b87544590"},"shared_msteamsadvvoicefeatures-5f17c19400003d0b17-5fd01ab8b34118ed42":{"value":"83c42903-ca9f-473f-be5a-9963bf20b807"},"shared_office365users":{"value":"8cafae39-ed39-4882-86df-f805907e20f3"}},"isOnPremiseConnection":false,"bypassConsent":false,"dataSets":{},"apiTier":"Standard","actions":["Run"],"isCustomApiSolutionAware":false},"54acde4c-dd83-4646-9f23-c27b87544590":{"id":"/providers/microsoft.powerapps/apis/shared_sharepointonline","displayName":"SharePoint","iconUri":"https://connectoricons-prod.azureedge.net/releases/v1.0.1607/1.0.1607.3068/sharepointonline/icon.png","dataSources":[],"dependencies":[],"dependents":["80fcf1dc-25a6-4ba7-a2f6-6869232348be"],"parameterHints":{},"parameterHintsV2":{},"isOnPremiseConnection":false,"bypassConsent":false,"dataSets":{},"apiTier":"Standard","actions":["providers/PowerPlatform.Governance/Operations/Read"],"isCustomApiSolutionAware":false},"8cafae39-ed39-4882-86df-f805907e20f3":{"id":"/providers/microsoft.powerapps/apis/shared_office365users","displayName":"Office 365 Users","iconUri":"https://connectoricons-prod.azureedge.net/releases/v1.0.1593/1.0.1593.2980/office365users/icon.png","dataSources":[],"dependencies":[],"dependents":["80fcf1dc-25a6-4ba7-a2f6-6869232348be"],"parameterHints":{},"parameterHintsV2":{},"isOnPremiseConnection":false,"bypassConsent":false,"dataSets":{},"apiTier":"Standard","isCustomApiSolutionAware":false},"8f557924-9f66-4778-9c15-b80cc44ae70d":{"id":"/providers/microsoft.powerapps/apis/shared_logicflows","displayName":"Logic flows","iconUri":"https://connectoricons-prod.azureedge.net/releases/v1.0.1534/1.0.1534.2605/logicflows/icon.png","dataSources":["GetCallQueueById"],"dependencies":["83c42903-ca9f-473f-be5a-9963bf20b807"],"dependents":[],"parameterHints":{"workflowName":{"value":"5a31d1fd-ef5a-4e4d-b380-d92079cc7858"},"workflowEntityId":{"value":"c91ebfd0-f956-ed11-bba3-000d3a182161"},"83c42903-ca9f-473f-be5a-9963bf20b807":{"value":"shared_msteamsadvvoicefeatures-5f17c19400003d0b17-5fd01ab8b34118ed42"}},"parameterHintsV2":{"workflowName":{"value":"5a31d1fd-ef5a-4e4d-b380-d92079cc7858"},"workflowEntityId":{"value":"c91ebfd0-f956-ed11-bba3-000d3a182161"},"shared_msteamsadvvoicefeatures-5f17c19400003d0b17-5fd01ab8b34118ed42":{"value":"83c42903-ca9f-473f-be5a-9963bf20b807"}},"isOnPremiseConnection":false,"bypassConsent":false,"dataSets":{},"apiTier":"Standard","actions":["Run"],"isCustomApiSolutionAware":false},"a8174e32-9508-4250-b501-6d3f9a199f32":{"id":"/providers/microsoft.powerapps/apis/shared_office365users","displayName":"Office 365 Users","iconUri":"https://connectoricons-prod.azureedge.net/releases/v1.0.1593/1.0.1593.2980/office365users/icon.png","dataSources":["Office365Users"],"dependencies":[],"dependents":[],"parameterHints":{},"parameterHintsV2":{},"isOnPremiseConnection":false,"bypassConsent":false,"dataSets":{},"apiTier":"Standard","actions":["UserPhoto_V2","SearchUser"],"isCustomApiSolutionAware":false},"28670548-99d0-44ca-8aaa-c12f5f93f83e":{"id":"/providers/microsoft.powerapps/apis/shared_azuread","displayName":"Azure AD","iconUri":"https://connectoricons-prod.azureedge.net/releases/v1.0.1600/1.0.1600.3026/azuread/icon.png","dataSources":["AzureAD"],"dependencies":[],"dependents":[],"parameterHints":{},"parameterHintsV2":{},"isOnPremiseConnection":false,"bypassConsent":false,"dataSets":{},"apiTier":"Standard","actions":["GetUser"],"isCustomApiSolutionAware":false},"30192c6f-8523-4606-8303-b4e967f55495":{"id":"/providers/microsoft.powerapps/apis/shared_sharepointonline","displayName":"SharePoint","iconUri":"https://connectoricons-prod.azureedge.net/releases/v1.0.1607/1.0.1607.3068/sharepointonline/icon.png","dataSources":["ShiftsManifest","ShiftsCSVDocuments"],"dependencies":[],"dependents":[],"parameterHints":{},"parameterHintsV2":{},"isOnPremiseConnection":false,"bypassConsent":false,"dataSets":{"https://m365x229910.sharepoint.com/sites/ShiftsManager":{"datasetOverride":{"name":"https://m365x229910.sharepoint.com/sites/ShiftsManager","environmentVariableName":"msl_shared_sharepointonline_df32243463274ea3b54f375180e8a35a"},"dataSources":{"ShiftsManifest":{"tableName":"ade46535-7cd3-4418-b872-5b752c830dfa","tableNameOverride":{"name":"ade46535-7cd3-4418-b872-5b752c830dfa","environmentVariableName":"msl_shared_sharepointonline_46f9e6e4aa4142c6b9e609e0a6d5f86e"}},"ShiftsCSVDocuments":{"tableName":"d15c6ada-9e10-4908-a49a-ad4698db5470","tableNameOverride":{"name":"d15c6ada-9e10-4908-a49a-ad4698db5470","environmentVariableName":"msl_shared_sharepointonline_276b1f7a73d649ed87606998b9abf39c"}}}}},"apiTier":"Standard","actions":["providers/PowerPlatform.Governance/Operations/Read"],"isCustomApiSolutionAware":false}}</ConnectionReferences>
      <DatabaseReferences>{"default.cds":{"databaseDetails":{"referenceType":"Environmental","environmentName":"default.cds","overrideValues":{"status":"NotSpecified"}},"dataSources":{"Environment Variable Values":{"entitySetName":"environmentvariablevalues","logicalName":"environmentvariablevalue"},"Environment Variable Definitions":{"entitySetName":"environmentvariabledefinitions","logicalName":"environmentvariabledefinition"}}}}</DatabaseReferences>
      <AppComponents>[]</AppComponents>
      <AppComponentDependencies>[]</AppComponentDependencies>
      <CanConsumeAppPass>1</CanConsumeAppPass>
      <CanvasAppType>0</CanvasAppType>
      <BypassConsent>0</BypassConsent>
      <AdminControlBypassConsent>0</AdminControlBypassConsent>
      <EmbeddedApp xsi:nil="true"></EmbeddedApp>
      <IntroducedVersion>1.0</IntroducedVersion>
      <CdsDependencies>{"cdsdependencies":[{"logicalname":"environmentvariablevalue","componenttype":1},{"logicalname":"environmentvariabledefinition","componenttype":1},{"logicalname":"msl_shared_sharepointonline_df32243463274ea3b54f375180e8a35a","componenttype":380,"componenttypeplatformname":"EnvironmentVariableDefinition"},{"logicalname":"msl_shared_sharepointonline_46f9e6e4aa4142c6b9e609e0a6d5f86e","componenttype":380,"componenttypeplatformname":"EnvironmentVariableDefinition"},{"logicalname":"msl_shared_sharepointonline_276b1f7a73d649ed87606998b9abf39c","componenttype":380,"componenttypeplatformname":"EnvironmentVariableDefinition"}]}</CdsDependencies>
      <IsCustomizable>1</IsCustomizable>
      <BackgroundImageUri>/CanvasApps/msl_callqueuemanager_71c41_BackgroundImageUri</BackgroundImageUri>
      <DocumentUri>/CanvasApps/msl_callqueuemanager_71c41_DocumentUri.msapp</DocumentUri>
    </CanvasApp>
    <CanvasApp>
      <Name>msl_callazfuncviacustomconnector_f9a8b</Name>
      <AppVersion>2022-11-04T00:25:11Z</AppVersion>
      <Status>Ready</Status>
      <CreatedByClientVersion>3.22103.25.0</CreatedByClientVersion>
      <MinClientVersion>3.22103.25.0</MinClientVersion>
      <Tags>{"primaryDeviceWidth":"1366","primaryDeviceHeight":"768","supportsPortrait":"true","supportsLandscape":"true","primaryFormFactor":"Tablet","publisherVersion":"3.22103.25","minimumRequiredApiVersion":"2.2.0","hasComponent":"false","hasUnlockedComponent":"false","isUnifiedRootApp":"false","sienaVersion":"20221102T022038Z-3.22103.21.0"}</Tags>
      <IsCdsUpgraded>0</IsCdsUpgraded>
      <GalleryItemId xsi:nil="true"></GalleryItemId>
      <BackgroundColor>RGBA(0,176,240,1)</BackgroundColor>
      <DisplayName>CallAzFuncViaCustomConnector</DisplayName>
      <Description xsi:nil="true"></Description>
      <CommitMessage xsi:nil="true"></CommitMessage>
      <Publisher xsi:nil="true"></Publisher>
      <AuthorizationReferences>[]</AuthorizationReferences>
      <ConnectionReferences>{"3da2c23a-a3ab-42e5-afc5-ac6b3e7f411f":{"id":"/providers/microsoft.powerapps/apis/shared_logicflows","displayName":"Logic flows","iconUri":"https://connectoricons-prod.azureedge.net/releases/v1.0.1534/1.0.1534.2605/logicflows/icon.png","dataSources":["Call-AzFunctionUsingCustomConnector"],"dependencies":["e8a0c83d-96dc-4b40-8fc8-24ec824cf89a"],"dependents":[],"parameterHints":{"workflowName":{"value":"db652a88-6d46-457d-beb1-2bfcbe18d25e"},"workflowEntityId":{"value":"50103104-3f5a-ed11-9562-000d3a182161"},"e8a0c83d-96dc-4b40-8fc8-24ec824cf89a":{"value":"shared_msteamsadvvoicefeatures-5f17c19400003d0b17-5fd01ab8b34118ed42"}},"parameterHintsV2":{"workflowName":{"value":"db652a88-6d46-457d-beb1-2bfcbe18d25e"},"workflowEntityId":{"value":"50103104-3f5a-ed11-9562-000d3a182161"},"shared_msteamsadvvoicefeatures-5f17c19400003d0b17-5fd01ab8b34118ed42":{"value":"e8a0c83d-96dc-4b40-8fc8-24ec824cf89a"}},"isOnPremiseConnection":false,"bypassConsent":false,"dataSets":{},"apiTier":"Standard","actions":["Run"],"isCustomApiSolutionAware":false},"e8a0c83d-96dc-4b40-8fc8-24ec824cf89a":{"id":"/providers/microsoft.powerapps/apis/shared_msteamsadvvoicefeatures-5f17c19400003d0b17-5fd01ab8b34118ed42","displayName":"MSTeamsAdvVoiceFeatures","iconUri":"https://prodapiicons.cdn.powerappscdn.net/20221102t000000zd015f9fb888f48b895d14abb8dadf0e1/customconnectoricon.png","dataSources":[],"dependencies":[],"dependents":["3da2c23a-a3ab-42e5-afc5-ac6b3e7f411f"],"parameterHints":{},"parameterHintsV2":{},"isOnPremiseConnection":false,"bypassConsent":false,"dataSets":{},"apiTier":"Standard","isCustomApiSolutionAware":false}}</ConnectionReferences>
      <DatabaseReferences>{}</DatabaseReferences>
      <AppComponents>[]</AppComponents>
      <AppComponentDependencies>[]</AppComponentDependencies>
      <CanConsumeAppPass>1</CanConsumeAppPass>
      <CanvasAppType>0</CanvasAppType>
      <BypassConsent>0</BypassConsent>
      <AdminControlBypassConsent>0</AdminControlBypassConsent>
      <EmbeddedApp xsi:nil="true"></EmbeddedApp>
      <IntroducedVersion>1.0</IntroducedVersion>
      <CdsDependencies>{"cdsdependencies":[]}</CdsDependencies>
      <IsCustomizable>1</IsCustomizable>
      <BackgroundImageUri>/CanvasApps/msl_callazfuncviacustomconnector_f9a8b_BackgroundImageUri</BackgroundImageUri>
      <DocumentUri>/CanvasApps/msl_callazfuncviacustomconnector_f9a8b_DocumentUri.msapp</DocumentUri>
    </CanvasApp>
  </CanvasApps>
  <connectionreferences>
    <connectionreference connectionreferencelogicalname="msl_sharedmsteamsadvvoicefeatures5f17c19400003d0b175fd01ab8b34118ed4_9eb04">
      <connectionreferencedisplayname>MSTeamsAdvVoiceFeatures KaiserAdvVoicePoC-9eb04</connectionreferencedisplayname>
      <connectorid>/providers/Microsoft.PowerApps/apis/shared_msteamsadvvoicefeatures-5f17c19400003d0b17-5fd01ab8b34118ed42</connectorid>
      <iscustomizable>1</iscustomizable>
      <statecode>0</statecode>
      <statuscode>1</statuscode>
    </connectionreference>
    <connectionreference connectionreferencelogicalname="msl_sharedoffice365users_d4483">
      <connectionreferencedisplayname>Office 365 Users KaiserAdvVoicePoC-d4483</connectionreferencedisplayname>
      <connectorid>/providers/Microsoft.PowerApps/apis/shared_office365users</connectorid>
      <iscustomizable>1</iscustomizable>
      <statecode>0</statecode>
      <statuscode>1</statuscode>
    </connectionreference>
  </connectionreferences>
  <Languages>
    <Language>1033</Language>
  </Languages>
</ImportExportXml>