{
  "properties": {
    "connectionReferences": {
      "shared_cqsconnector-5f17c19400003d0b17-5fd01ab8b34118ed42": {
        "runtimeSource": "invoker",
        "connection": {
          "connectionReferenceLogicalName": "cr8c9_sharedcqsconnector5f17c19400003d0b175fd01ab8b34118ed42_b2d91"
        },
        "api": {
          "name": "shared_cr8c9-5fcqsconnector-5f3a17ad2882d40ec7",
          "logicalName": "cr8c9_cqsconnector"
        }
      }
    },
    "definition": {
      "$schema": "https://schema.management.azure.com/providers/Microsoft.Logic/schemas/2016-06-01/workflowdefinition.json#",
      "contentVersion": "1.0.0.0",
      "parameters": {
        "$connections": {
          "defaultValue": {},
          "type": "Object"
        },
        "$authentication": {
          "defaultValue": {},
          "type": "SecureObject"
        }
      },
      "triggers": {
        "manual": {
          "metadata": {
            "operationMetadataId": "65721947-17de-4421-8db4-d6804b6404bf"
          },
          "type": "Request",
          "kind": "PowerApp",
          "inputs": {
            "schema": {
              "type": "object",
              "properties": {},
              "required": []
            }
          }
        }
      },
      "actions": {
        "Parse_JSON": {
          "runAfter": {
            "ListCallQueues_2": [
              "Succeeded"
            ]
          },
          "metadata": {
            "operationMetadataId": "8d8b931a-f2bc-47bd-8b29-ca47ab0943bb"
          },
          "type": "ParseJson",
          "inputs": {
            "content": "@body('ListCallQueues_2')",
            "schema": {
              "type": "array",
              "items": {
                "type": "object",
                "properties": {
                  "Name": {
                    "type": "string"
                  },
                  "Identity": {
                    "type": "string"
                  },
                  "Agents": {
                    "type": "array",
                    "items": {
                      "type": "string"
                    }
                  }
                },
                "required": [
                  "Name",
                  "Identity",
                  "Agents"
                ]
              }
            }
          }
        },
        "Initialize_variable": {
          "runAfter": {},
          "metadata": {
            "operationMetadataId": "8e7a7651-5876-4c80-8c74-5ab54af6ea6c"
          },
          "type": "InitializeVariable",
          "inputs": {
            "variables": [
              {
                "name": "CQArray",
                "type": "array"
              }
            ]
          }
        },
        "Apply_to_each": {
          "foreach": "@body('Parse_JSON')",
          "actions": {
            "Append_to_array_variable": {
              "runAfter": {},
              "metadata": {
                "operationMetadataId": "cca7148a-727d-4a00-bbbb-08c5ea1e7b50"
              },
              "type": "AppendToArrayVariable",
              "inputs": {
                "name": "CQArray",
                "value": "@items('Apply_to_each')['Name']"
              }
            }
          },
          "runAfter": {
            "Parse_JSON": [
              "Succeeded"
            ]
          },
          "metadata": {
            "operationMetadataId": "18bf2090-8278-4d02-8bc8-08258eb154c4"
          },
          "type": "Foreach"
        },
        "Response": {
          "runAfter": {
            "Apply_to_each": [
              "Succeeded"
            ]
          },
          "metadata": {
            "operationMetadataId": "98901ad2-257f-426a-84ba-6c73ddde64d5"
          },
          "type": "Response",
          "kind": "Http",
          "inputs": {
            "statusCode": 200,
            "body": "@body('Parse_JSON')",
            "schema": {
              "type": "array",
              "items": {
                "type": "object",
                "properties": {
                  "Name": {
                    "type": "string"
                  },
                  "Identity": {
                    "type": "string"
                  },
                  "Agents": {
                    "type": "array",
                    "items": {
                      "type": "string"
                    }
                  }
                },
                "required": [
                  "Name",
                  "Identity",
                  "Agents"
                ]
              }
            }
          }
        },
        "varCQAgentsArray": {
          "runAfter": {
            "Initialize_variable": [
              "Succeeded"
            ]
          },
          "metadata": {
            "operationMetadataId": "558b8f7a-5538-4859-a7e6-b564c21c0799"
          },
          "type": "InitializeVariable",
          "inputs": {
            "variables": [
              {
                "name": "CQAgentsArray",
                "type": "array"
              }
            ]
          }
        },
        "ListCallQueues_2": {
          "runAfter": {
            "varCQAgentsArray": [
              "Succeeded"
            ]
          },
          "metadata": {
            "operationMetadataId": "6b426f11-572a-4b7c-a264-d91922e4d1e2"
          },
          "type": "OpenApiConnection",
          "inputs": {
            "host": {
              "connectionName": "shared_cqsconnector-5f17c19400003d0b17-5fd01ab8b34118ed42",
              "operationId": "ListCallQueues",
              "apiId": ""
            },
            "parameters": {},
            "authentication": {
              "type": "Raw",
              "value": "@json(decodeBase64(triggerOutputs().headers['X-MS-APIM-Tokens']))['$ConnectionKey']"
            }
          }
        }
      }
    },
    "templateName": ""
  },
  "schemaVersion": "1.0.0.0"
}