{
  "properties": {
    "connectionReferences": {
      "shared_cqsconnector-5f17c19400003d0b17-5fd01ab8b34118ed42": {
        "runtimeSource": "invoker",
        "connection": {
          "connectionReferenceLogicalName": "cr8c9_sharedcqsconnector5f17c19400003d0b175fd01ab8b34118ed42_b2d91"
        },
        "api": {
          "name": "shared_cr8c9-5fcqsconnector-5ff9918c6663fad860",
          "logicalName": "cr8c9_cqsconnector"
        }
      }
    },
    "definition": {
      "$schema": "https://schema.management.azure.com/providers/Microsoft.Logic/schemas/2016-06-01/workflowdefinition.json#",
      "contentVersion": "1.0.0.0",
      "parameters": {
        "$connections": {
          "defaultValue": {},
          "type": "Object"
        },
        "$authentication": {
          "defaultValue": {},
          "type": "SecureObject"
        }
      },
      "triggers": {
        "manual": {
          "metadata": {
            "operationMetadataId": "46986a83-d031-40d9-877f-b5333bd8f050"
          },
          "type": "Request",
          "kind": "PowerAppV2",
          "inputs": {
            "schema": {
              "type": "object",
              "properties": {
                "text": {
                  "title": "CallQueueId",
                  "type": "string",
                  "x-ms-dynamically-added": true,
                  "description": "Please enter your input",
                  "x-ms-content-hint": "TEXT"
                }
              },
              "required": [
                "text"
              ]
            }
          }
        }
      },
      "actions": {
        "Response": {
          "runAfter": {
            "GetCallQueueDetailsById": [
              "Succeeded"
            ]
          },
          "metadata": {
            "operationMetadataId": "98901ad2-257f-426a-84ba-6c73ddde64d5"
          },
          "type": "Response",
          "kind": "Http",
          "inputs": {
            "statusCode": 200,
            "body": "@body('GetCallQueueDetailsById')",
            "schema": {
              "type": "object",
              "properties": {
                "Name": {
                  "type": "string"
                },
                "Identity": {
                  "type": "string"
                },
                "Agents": {
                  "type": "array",
                  "items": {
                    "type": "object",
                    "properties": {
                      "ObjectId": {
                        "type": "string"
                      },
                      "OptIn": {
                        "type": "boolean"
                      }
                    },
                    "required": [
                      "ObjectId",
                      "OptIn"
                    ]
                  }
                }
              }
            }
          }
        },
        "GetCallQueueDetailsById": {
          "runAfter": {},
          "metadata": {
            "operationMetadataId": "b52a6c7b-aac2-4190-984c-814d33133c13"
          },
          "type": "OpenApiConnection",
          "inputs": {
            "host": {
              "connectionName": "shared_cqsconnector-5f17c19400003d0b17-5fd01ab8b34118ed42",
              "operationId": "GetCallQueueDetailsById",
              "apiId": ""
            },
            "parameters": {
              "Identity": "@triggerBody()['text']"
            },
            "authentication": "@parameters('$authentication')"
          }
        }
      }
    },
    "templateName": ""
  },
  "schemaVersion": "1.0.0.0"
}