<environmentvariabledefinition schemaname="msl_ShiftsTimeZone">
  <defaultvalue>PDT</defaultvalue>
  <description default="Set the time zone used in the datasource where the shifts  are stored">
    <label description="Set the time zone used in the datasource where the shifts  are stored" languagecode="1033" />
  </description>
  <displayname default="ShiftsTimeZone">
    <label description="ShiftsTimeZone" languagecode="1033" />
  </displayname>
  <introducedversion>1.0.0.1</introducedversion>
  <iscustomizable>1</iscustomizable>
  <isrequired>0</isrequired>
  <secretstore>0</secretstore>
  <type>100000000</type>
</environmentvariabledefinition>