<ImportExportXml xmlns:xsi="http://www.w3.org/2001/XMLSchema-instance">
  <Entities></Entities>
  <Roles></Roles>
  <Workflows>
    <Workflow WorkflowId="{724ff8c9-0948-ed11-bba1-000d3a182161}" Name="Upload-ShiftsCSVFile">
      <JsonFileName>/Workflows/Upload-ShiftsCSVFile-724FF8C9-0948-ED11-BBA1-000D3A182161.json</JsonFileName>
      <Type>1</Type>
      <Subprocess>0</Subprocess>
      <Category>5</Category>
      <Mode>0</Mode>
      <Scope>4</Scope>
      <OnDemand>0</OnDemand>
      <TriggerOnCreate>0</TriggerOnCreate>
      <TriggerOnDelete>0</TriggerOnDelete>
      <AsyncAutodelete>0</AsyncAutodelete>
      <SyncWorkflowLogOnFailure>0</SyncWorkflowLogOnFailure>
      <StateCode>1</StateCode>
      <StatusCode>2</StatusCode>
      <RunAs>1</RunAs>
      <IsTransacted>1</IsTransacted>
      <IntroducedVersion>1.0.0.0</IntroducedVersion>
      <IsCustomizable>1</IsCustomizable>
      <IsCustomProcessingStepAllowedForOtherPublishers>1</IsCustomProcessingStepAllowedForOtherPublishers>
      <PrimaryEntity>none</PrimaryEntity>
      <LocalizedNames>
        <LocalizedName languagecode="1033" description="Upload-ShiftsCSVFile" />
      </LocalizedNames>
    </Workflow>
    <Workflow WorkflowId="{e901693f-3756-ed11-bba3-000d3a182161}" Name="Archive-ShiftManifestData">
      <JsonFileName>/Workflows/Archive-ShiftManifestData-E901693F-3756-ED11-BBA3-000D3A182161.json</JsonFileName>
      <Type>1</Type>
      <Subprocess>0</Subprocess>
      <Category>5</Category>
      <Mode>0</Mode>
      <Scope>4</Scope>
      <OnDemand>0</OnDemand>
      <TriggerOnCreate>0</TriggerOnCreate>
      <TriggerOnDelete>0</TriggerOnDelete>
      <AsyncAutodelete>0</AsyncAutodelete>
      <SyncWorkflowLogOnFailure>0</SyncWorkflowLogOnFailure>
      <StateCode>1</StateCode>
      <StatusCode>2</StatusCode>
      <RunAs>1</RunAs>
      <IsTransacted>1</IsTransacted>
      <IntroducedVersion>1.0.0.0</IntroducedVersion>
      <IsCustomizable>1</IsCustomizable>
      <IsCustomProcessingStepAllowedForOtherPublishers>1</IsCustomProcessingStepAllowedForOtherPublishers>
      <PrimaryEntity>none</PrimaryEntity>
      <LocalizedNames>
        <LocalizedName languagecode="1033" description="Archive-ShiftManifestData" />
      </LocalizedNames>
    </Workflow>
    <Workflow WorkflowId="{c91ebfd0-f956-ed11-bba3-000d3a182161}" Name="GetCallQueueById">
      <JsonFileName>/Workflows/GetCallQueueById-C91EBFD0-F956-ED11-BBA3-000D3A182161.json</JsonFileName>
      <Type>1</Type>
      <Subprocess>0</Subprocess>
      <Category>5</Category>
      <Mode>0</Mode>
      <Scope>4</Scope>
      <OnDemand>0</OnDemand>
      <TriggerOnCreate>0</TriggerOnCreate>
      <TriggerOnDelete>0</TriggerOnDelete>
      <AsyncAutodelete>0</AsyncAutodelete>
      <SyncWorkflowLogOnFailure>0</SyncWorkflowLogOnFailure>
      <StateCode>1</StateCode>
      <StatusCode>2</StatusCode>
      <RunAs>1</RunAs>
      <IsTransacted>1</IsTransacted>
      <IntroducedVersion>1.0.0.0</IntroducedVersion>
      <IsCustomizable>1</IsCustomizable>
      <IsCustomProcessingStepAllowedForOtherPublishers>1</IsCustomProcessingStepAllowedForOtherPublishers>
      <PrimaryEntity>none</PrimaryEntity>
      <LocalizedNames>
        <LocalizedName languagecode="1033" description="GetCallQueueById" />
      </LocalizedNames>
    </Workflow>
    <Workflow WorkflowId="{08ba0421-7022-ed11-b83e-000d3a4f3a19}" Name="GetCallQueuesByCurrentUser">
      <JsonFileName>/Workflows/GetCallQueuesByCurrentUser-08BA0421-7022-ED11-B83E-000D3A4F3A19.json</JsonFileName>
      <Type>1</Type>
      <Subprocess>0</Subprocess>
      <Category>5</Category>
      <Mode>0</Mode>
      <Scope>4</Scope>
      <OnDemand>0</OnDemand>
      <TriggerOnCreate>0</TriggerOnCreate>
      <TriggerOnDelete>0</TriggerOnDelete>
      <AsyncAutodelete>0</AsyncAutodelete>
      <SyncWorkflowLogOnFailure>0</SyncWorkflowLogOnFailure>
      <StateCode>1</StateCode>
      <StatusCode>2</StatusCode>
      <RunAs>1</RunAs>
      <IsTransacted>1</IsTransacted>
      <IntroducedVersion>1.0.0.0</IntroducedVersion>
      <IsCustomizable>1</IsCustomizable>
      <IsCustomProcessingStepAllowedForOtherPublishers>1</IsCustomProcessingStepAllowedForOtherPublishers>
      <PrimaryEntity>none</PrimaryEntity>
      <LocalizedNames>
        <LocalizedName languagecode="1033" description="GetCallQueuesByCurrentUser" />
      </LocalizedNames>
    </Workflow>
    <Workflow WorkflowId="{e2a6e3f7-a333-ed11-9db1-000d3a4f3a19}" Name="UpdateCallQueueAgents">
      <JsonFileName>/Workflows/UpdateCallQueueAgents-E2A6E3F7-A333-ED11-9DB1-000D3A4F3A19.json</JsonFileName>
      <Type>1</Type>
      <Subprocess>0</Subprocess>
      <Category>5</Category>
      <Mode>0</Mode>
      <Scope>4</Scope>
      <OnDemand>0</OnDemand>
      <TriggerOnCreate>0</TriggerOnCreate>
      <TriggerOnDelete>0</TriggerOnDelete>
      <AsyncAutodelete>0</AsyncAutodelete>
      <SyncWorkflowLogOnFailure>0</SyncWorkflowLogOnFailure>
      <StateCode>1</StateCode>
      <StatusCode>2</StatusCode>
      <RunAs>1</RunAs>
      <IsTransacted>1</IsTransacted>
      <IntroducedVersion>1.0.0.0</IntroducedVersion>
      <IsCustomizable>1</IsCustomizable>
      <IsCustomProcessingStepAllowedForOtherPublishers>1</IsCustomProcessingStepAllowedForOtherPublishers>
      <PrimaryEntity>none</PrimaryEntity>
      <LocalizedNames>
        <LocalizedName languagecode="1033" description="UpdateCallQueueAgents" />
      </LocalizedNames>
    </Workflow>
  </Workflows>
  <FieldSecurityProfiles></FieldSecurityProfiles>
  <Templates />
  <EntityMaps />
  <EntityRelationships />
  <OrganizationSettings />
  <optionsets />
  <CustomControls />
  <EntityDataProviders />
  <CanvasApps>
    <CanvasApp>
      <Name>cr8c9_callqueuescheduler_1886a</Name>
      <AppVersion>2023-02-18T04:59:22Z</AppVersion>
      <Status>Ready</Status>
      <CreatedByClientVersion>3.23015.14.0</CreatedByClientVersion>
      <MinClientVersion>3.23015.14.0</MinClientVersion>
      <Tags>{"primaryDeviceWidth":"1366","primaryDeviceHeight":"768","supportsPortrait":"true","supportsLandscape":"true","primaryFormFactor":"Tablet","publisherVersion":"3.23015.14","minimumRequiredApiVersion":"2.2.0","hasComponent":"false","hasUnlockedComponent":"false","isUnifiedRootApp":"false","sienaVersion":"20230217T210432Z-3.23015.14.0"}</Tags>
      <IsCdsUpgraded>0</IsCdsUpgraded>
      <GalleryItemId xsi:nil="true"></GalleryItemId>
      <BackgroundColor>RGBA(0,176,240,1)</BackgroundColor>
      <DisplayName>Call Queue Scheduler</DisplayName>
      <Description xsi:nil="true"></Description>
      <CommitMessage xsi:nil="true"></CommitMessage>
      <Publisher></Publisher>
      <AuthorizationReferences>[]</AuthorizationReferences>
      <ConnectionReferences>{"30192c6f-8523-4606-8303-b4e967f55495":{"id":"/providers/microsoft.powerapps/apis/shared_sharepointonline","displayName":"SharePoint","iconUri":"https://connectoricons-prod.azureedge.net/u/juanq/gateway/greyhound/3000.150.11/1.0.1613.3116/sharepointonline/icon.png","dataSources":["ShiftsCSVDocuments","CallQueueOwners","ShiftsManifest"],"dependencies":[],"dependents":["e1e63218-6109-4061-accf-822df6d78631"],"parameterHints":{},"parameterHintsV2":{},"isOnPremiseConnection":false,"bypassConsent":false,"dataSets":{"https://m365x229910.sharepoint.com/sites/ShiftsManager":{"datasetOverride":{"name":"https://moderncomms996974.sharepoint.com/sites/CQSPRD","environmentVariableName":"msl_shared_sharepointonline_df32243463274ea3b54f375180e8a35a"},"dataSources":{"ShiftsCSVDocuments":{"tableName":"d15c6ada-9e10-4908-a49a-ad4698db5470","tableNameOverride":{"name":"b8f09410-a615-4cb6-8dfb-3e36f0eae8f9","environmentVariableName":"msl_shared_sharepointonline_276b1f7a73d649ed87606998b9abf39c"}}}},"https://moderncomms996974.sharepoint.com/sites/CQSTrial":{"datasetOverride":{"name":"https://moderncomms996974.sharepoint.com/sites/CQSPRD","environmentVariableName":"msl_shared_sharepointonline_df32243463274ea3b54f375180e8a35a"},"dataSources":{"CallQueueOwners":{"tableName":"4d9bc449-e391-4ec3-9ec0-87fc47a5064b","tableNameOverride":{"name":"9312ae5b-1e83-47a0-b3d5-fdb471678c18","environmentVariableName":"crf94_shared_sharepointonline_fdcfe495e1794c2dbcc1f48b9340fcaf"}},"ShiftsManifest":{"tableName":"416339d5-b733-4f0a-828e-ec52b29772c1","tableNameOverride":{"name":"f38a2504-5e91-4746-94ee-d1f2628ddd84","environmentVariableName":"msl_shared_sharepointonline_46f9e6e4aa4142c6b9e609e0a6d5f86e"}}}}},"apiTier":"Standard","actions":["providers/PowerPlatform.Governance/Operations/Read"],"isCustomApiSolutionAware":false},"3823deba-91fb-4057-aaf6-77fec4134af9":{"id":"/providers/microsoft.powerapps/apis/shared_logicflows","displayName":"Logic flows","iconUri":"https://connectoricons-prod.azureedge.net/releases/v1.0.1615/1.0.1615.3163/logicflows/icon.png","dataSources":["UpdateCallQueueAgents"],"dependencies":["473ef36c-2007-4170-9693-eaf184521432"],"dependents":[],"parameterHints":{"473ef36c-2007-4170-9693-eaf184521432":{"value":"shared_cqsconnector-5f17c19400003d0b17-5fd01ab8b34118ed42"},"workflowEntityId":{"value":"e2a6e3f7-a333-ed11-9db1-000d3a4f3a19"},"workflowName":{"value":"40683872-6c88-43dc-b924-7af324cb2d79"}},"parameterHintsV2":{"shared_cqsconnector-5f17c19400003d0b17-5fd01ab8b34118ed42":{"value":"473ef36c-2007-4170-9693-eaf184521432"},"workflowEntityId":{"value":"e2a6e3f7-a333-ed11-9db1-000d3a4f3a19"},"workflowName":{"value":"40683872-6c88-43dc-b924-7af324cb2d79"}},"isOnPremiseConnection":false,"bypassConsent":false,"dataSets":{},"apiTier":"Standard","actions":["Run"],"isCustomApiSolutionAware":false},"473ef36c-2007-4170-9693-eaf184521432":{"id":"/providers/microsoft.powerapps/apis/shared_cr8c9-5fcqsconnector-5ff9918c6663fad860","displayName":"CQSConnector","iconUri":"https://az787822.vo.msecnd.net/defaulticons/api-dedicated.png","dataSources":[],"dependencies":[],"dependents":["3823deba-91fb-4057-aaf6-77fec4134af9","e61066e6-b47d-47d6-a221-10bc80262c9f","953ed1b1-9d7c-44cd-821c-6f95ca5d4ac1","e1e63218-6109-4061-accf-822df6d78631"],"parameterHints":{},"parameterHintsV2":{},"isOnPremiseConnection":false,"bypassConsent":false,"dataSets":{},"apiTier":"Standard","customApiLogicalName":"cr8c9_cqsconnector","isCustomApiSolutionAware":true},"a8174e32-9508-4250-b501-6d3f9a199f32":{"id":"/providers/microsoft.powerapps/apis/shared_office365users","displayName":"Office 365 Users","iconUri":"https://connectoricons-prod.azureedge.net/releases/v1.0.1618/1.0.1618.3179/office365users/icon.png","dataSources":["Office365Users"],"dependencies":[],"dependents":["e1e63218-6109-4061-accf-822df6d78631"],"parameterHints":{},"parameterHintsV2":{},"isOnPremiseConnection":false,"bypassConsent":false,"dataSets":{},"apiTier":"Standard","actions":["UserPhoto_V2","UserProfile_V2","SearchUser"],"isCustomApiSolutionAware":false},"e61066e6-b47d-47d6-a221-10bc80262c9f":{"id":"/providers/microsoft.powerapps/apis/shared_logicflows","displayName":"Logic flows","iconUri":"https://connectoricons-prod.azureedge.net/releases/v1.0.1615/1.0.1615.3163/logicflows/icon.png","dataSources":["GetCallQueueById"],"dependencies":["473ef36c-2007-4170-9693-eaf184521432"],"dependents":[],"parameterHints":{"workflowName":{"value":"f3ac82ef-d479-4704-936a-dc83e513ff5b"},"workflowEntityId":{"value":"c91ebfd0-f956-ed11-bba3-000d3a182161"},"473ef36c-2007-4170-9693-eaf184521432":{"value":"shared_cqsconnector-5f17c19400003d0b17-5fd01ab8b34118ed42"}},"parameterHintsV2":{"workflowName":{"value":"f3ac82ef-d479-4704-936a-dc83e513ff5b"},"workflowEntityId":{"value":"c91ebfd0-f956-ed11-bba3-000d3a182161"},"shared_cqsconnector-5f17c19400003d0b17-5fd01ab8b34118ed42":{"value":"473ef36c-2007-4170-9693-eaf184521432"}},"isOnPremiseConnection":false,"bypassConsent":false,"dataSets":{},"apiTier":"Standard","isCustomApiSolutionAware":false},"953ed1b1-9d7c-44cd-821c-6f95ca5d4ac1":{"id":"/providers/microsoft.powerapps/apis/shared_logicflows","displayName":"Logic flows","iconUri":"https://connectoricons-prod.azureedge.net/releases/v1.0.1615/1.0.1615.3163/logicflows/icon.png","dataSources":["GetCallQueuesByCurrentUser"],"dependencies":["473ef36c-2007-4170-9693-eaf184521432"],"dependents":[],"parameterHints":{"workflowName":{"value":"6f6be611-2ffb-46ba-bfc4-5eb82e93cee1"},"workflowEntityId":{"value":"08ba0421-7022-ed11-b83e-000d3a4f3a19"},"473ef36c-2007-4170-9693-eaf184521432":{"value":"shared_cqsconnector-5f17c19400003d0b17-5fd01ab8b34118ed42"}},"parameterHintsV2":{"workflowName":{"value":"6f6be611-2ffb-46ba-bfc4-5eb82e93cee1"},"workflowEntityId":{"value":"08ba0421-7022-ed11-b83e-000d3a4f3a19"},"shared_cqsconnector-5f17c19400003d0b17-5fd01ab8b34118ed42":{"value":"473ef36c-2007-4170-9693-eaf184521432"}},"isOnPremiseConnection":false,"bypassConsent":false,"dataSets":{},"apiTier":"Standard","actions":["Run"],"isCustomApiSolutionAware":false},"e1e63218-6109-4061-accf-822df6d78631":{"id":"/providers/microsoft.powerapps/apis/shared_logicflows","displayName":"Logic flows","iconUri":"https://connectoricons-prod.azureedge.net/releases/v1.0.1615/1.0.1615.3163/logicflows/icon.png","dataSources":["Upload-ShiftsCSVFile"],"dependencies":["30192c6f-8523-4606-8303-b4e967f55495","a8174e32-9508-4250-b501-6d3f9a199f32","473ef36c-2007-4170-9693-eaf184521432"],"dependents":[],"parameterHints":{"workflowName":{"value":"8651f465-af75-430f-85a5-2d3864f40fd5"},"workflowEntityId":{"value":"724ff8c9-0948-ed11-bba1-000d3a182161"},"30192c6f-8523-4606-8303-b4e967f55495":{"value":"shared_sharepointonline_2"},"a8174e32-9508-4250-b501-6d3f9a199f32":{"value":"shared_office365users"},"473ef36c-2007-4170-9693-eaf184521432":{"value":"shared_cqsconnector-5f17c19400003d0b17-5fd01ab8b34118ed42"}},"parameterHintsV2":{"workflowName":{"value":"8651f465-af75-430f-85a5-2d3864f40fd5"},"workflowEntityId":{"value":"724ff8c9-0948-ed11-bba1-000d3a182161"},"shared_sharepointonline_2":{"value":"30192c6f-8523-4606-8303-b4e967f55495"},"shared_office365users":{"value":"a8174e32-9508-4250-b501-6d3f9a199f32"},"shared_cqsconnector-5f17c19400003d0b17-5fd01ab8b34118ed42":{"value":"473ef36c-2007-4170-9693-eaf184521432"}},"isOnPremiseConnection":false,"bypassConsent":false,"dataSets":{},"apiTier":"Standard","actions":["Run"],"isCustomApiSolutionAware":false}}</ConnectionReferences>
      <DatabaseReferences>{"default.cds":{"databaseDetails":{"referenceType":"Environmental","environmentName":"default.cds","overrideValues":{"status":"NotSpecified"}},"dataSources":{"Environment Variable Definitions":{"entitySetName":"environmentvariabledefinitions","logicalName":"environmentvariabledefinition"},"Environment Variable Values":{"entitySetName":"environmentvariablevalues","logicalName":"environmentvariablevalue"}}}}</DatabaseReferences>
      <AppComponents>[]</AppComponents>
      <AppComponentDependencies>[]</AppComponentDependencies>
      <CanConsumeAppPass>1</CanConsumeAppPass>
      <CanvasAppType>0</CanvasAppType>
      <BypassConsent>0</BypassConsent>
      <AdminControlBypassConsent>0</AdminControlBypassConsent>
      <EmbeddedApp xsi:nil="true"></EmbeddedApp>
      <IntroducedVersion>1.0</IntroducedVersion>
      <CdsDependencies>{"cdsdependencies":[{"logicalname":"cr8c9_cqsconnector","componenttype":372,"componenttypeplatformname":"connector"},{"logicalname":"environmentvariabledefinition","componenttype":1},{"logicalname":"environmentvariablevalue","componenttype":1},{"logicalname":"msl_shared_sharepointonline_df32243463274ea3b54f375180e8a35a","componenttype":380,"componenttypeplatformname":"EnvironmentVariableDefinition"},{"logicalname":"msl_shared_sharepointonline_276b1f7a73d649ed87606998b9abf39c","componenttype":380,"componenttypeplatformname":"EnvironmentVariableDefinition"},{"logicalname":"crf94_shared_sharepointonline_fdcfe495e1794c2dbcc1f48b9340fcaf","componenttype":380,"componenttypeplatformname":"EnvironmentVariableDefinition"},{"logicalname":"msl_shared_sharepointonline_46f9e6e4aa4142c6b9e609e0a6d5f86e","componenttype":380,"componenttypeplatformname":"EnvironmentVariableDefinition"}]}</CdsDependencies>
      <IsCustomizable>1</IsCustomizable>
      <BackgroundImageUri>/CanvasApps/cr8c9_callqueuescheduler_1886a_BackgroundImageUri</BackgroundImageUri>
      <DocumentUri>/CanvasApps/cr8c9_callqueuescheduler_1886a_DocumentUri.msapp</DocumentUri>
    </CanvasApp>
  </CanvasApps>
  <Connectors>
    <Connector>
      <connectorid>77ff7807-3946-40f8-b27a-1e74cb2dffb8</connectorid>
      <description></description>
      <displayname>CQSConnector</displayname>
      <iconbrandcolor>#007ee5</iconbrandcolor>
      <name>cr8c9_cqsconnector</name>
      <connectortype>1</connectortype>
      <openapidefinition>/Connector/cr8c9_cqsconnector_openapidefinition.json</openapidefinition>
      <connectionparameters>/Connector/cr8c9_cqsconnector_connectionparameters.json</connectionparameters>
      <policytemplateinstances>/Connector/cr8c9_cqsconnector_policytemplateinstances.json</policytemplateinstances>
      <iconblob>/Connector/cr8c9_cqsconnector_iconblob.Png</iconblob>
    </Connector>
  </Connectors>
  <connectionreferences>
    <connectionreference connectionreferencelogicalname="cr8c9_sharedcqsconnector5f17c19400003d0b175fd01ab8b34118ed42_b2d91">
      <connectionreferencedisplayname>CQSConnector CQSAdvVoiceSolution-b2d91</connectionreferencedisplayname>
      <connectorid>/providers/Microsoft.PowerApps/apis/shared_cr8c9-5fcqsconnector-5ff9918c6663fad860</connectorid>
      <customconnectorid>
        <connectorid>77ff7807-3946-40f8-b27a-1e74cb2dffb8</connectorid>
      </customconnectorid>
      <iscustomizable>1</iscustomizable>
      <statecode>0</statecode>
      <statuscode>1</statuscode>
    </connectionreference>
    <connectionreference connectionreferencelogicalname="msl_sharedoffice365users_d4483">
      <connectionreferencedisplayname>Office 365 Users CQSAdvVoiceSolution-d4483</connectionreferencedisplayname>
      <connectorid>/providers/Microsoft.PowerApps/apis/shared_office365users</connectorid>
      <iscustomizable>1</iscustomizable>
      <statecode>0</statecode>
      <statuscode>1</statuscode>
    </connectionreference>
    <connectionreference connectionreferencelogicalname="msl_sharedsharepointonline_34512">
      <connectionreferencedisplayname>SharePoint CQSAdvVoiceSolution-34512</connectionreferencedisplayname>
      <connectorid>/providers/Microsoft.PowerApps/apis/shared_sharepointonline</connectorid>
      <iscustomizable>1</iscustomizable>
      <statecode>0</statecode>
      <statuscode>1</statuscode>
    </connectionreference>
  </connectionreferences>
  <Languages>
    <Language>1033</Language>
  </Languages>
</ImportExportXml>