<ImportExportXml xmlns:xsi="http://www.w3.org/2001/XMLSchema-instance">
  <Entities></Entities>
  <Roles></Roles>
  <Workflows>
    <Workflow WorkflowId="{724ff8c9-0948-ed11-bba1-000d3a182161}" Name="Upload-ShiftsCSVFile">
      <JsonFileName>/Workflows/Upload-ShiftsCSVFile-724FF8C9-0948-ED11-BBA1-000D3A182161.json</JsonFileName>
      <Type>1</Type>
      <Subprocess>0</Subprocess>
      <Category>5</Category>
      <Mode>0</Mode>
      <Scope>4</Scope>
      <OnDemand>0</OnDemand>
      <TriggerOnCreate>0</TriggerOnCreate>
      <TriggerOnDelete>0</TriggerOnDelete>
      <AsyncAutodelete>0</AsyncAutodelete>
      <SyncWorkflowLogOnFailure>0</SyncWorkflowLogOnFailure>
      <StateCode>1</StateCode>
      <StatusCode>2</StatusCode>
      <RunAs>1</RunAs>
      <IsTransacted>1</IsTransacted>
      <IntroducedVersion>1.0.0.0</IntroducedVersion>
      <IsCustomizable>1</IsCustomizable>
      <BusinessProcessType>0</BusinessProcessType>
      <IsCustomProcessingStepAllowedForOtherPublishers>1</IsCustomProcessingStepAllowedForOtherPublishers>
      <PrimaryEntity>none</PrimaryEntity>
      <LocalizedNames>
        <LocalizedName languagecode="1033" description="Upload-ShiftsCSVFile" />
      </LocalizedNames>
    </Workflow>
    <Workflow WorkflowId="{e901693f-3756-ed11-bba3-000d3a182161}" Name="Archive-ShiftManifestData">
      <JsonFileName>/Workflows/Archive-ShiftManifestData-E901693F-3756-ED11-BBA3-000D3A182161.json</JsonFileName>
      <Type>1</Type>
      <Subprocess>0</Subprocess>
      <Category>5</Category>
      <Mode>0</Mode>
      <Scope>4</Scope>
      <OnDemand>0</OnDemand>
      <TriggerOnCreate>0</TriggerOnCreate>
      <TriggerOnDelete>0</TriggerOnDelete>
      <AsyncAutodelete>0</AsyncAutodelete>
      <SyncWorkflowLogOnFailure>0</SyncWorkflowLogOnFailure>
      <StateCode>1</StateCode>
      <StatusCode>2</StatusCode>
      <RunAs>1</RunAs>
      <IsTransacted>1</IsTransacted>
      <IntroducedVersion>1.0.0.0</IntroducedVersion>
      <IsCustomizable>1</IsCustomizable>
      <BusinessProcessType>0</BusinessProcessType>
      <IsCustomProcessingStepAllowedForOtherPublishers>1</IsCustomProcessingStepAllowedForOtherPublishers>
      <PrimaryEntity>none</PrimaryEntity>
      <LocalizedNames>
        <LocalizedName languagecode="1033" description="Archive-ShiftManifestData" />
      </LocalizedNames>
    </Workflow>
    <Workflow WorkflowId="{c91ebfd0-f956-ed11-bba3-000d3a182161}" Name="GetCallQueueById">
      <JsonFileName>/Workflows/GetCallQueueById-C91EBFD0-F956-ED11-BBA3-000D3A182161.json</JsonFileName>
      <Type>1</Type>
      <Subprocess>0</Subprocess>
      <Category>5</Category>
      <Mode>0</Mode>
      <Scope>4</Scope>
      <OnDemand>0</OnDemand>
      <TriggerOnCreate>0</TriggerOnCreate>
      <TriggerOnDelete>0</TriggerOnDelete>
      <AsyncAutodelete>0</AsyncAutodelete>
      <SyncWorkflowLogOnFailure>0</SyncWorkflowLogOnFailure>
      <StateCode>1</StateCode>
      <StatusCode>2</StatusCode>
      <RunAs>1</RunAs>
      <IsTransacted>1</IsTransacted>
      <IntroducedVersion>1.0.0.0</IntroducedVersion>
      <IsCustomizable>1</IsCustomizable>
      <BusinessProcessType>0</BusinessProcessType>
      <IsCustomProcessingStepAllowedForOtherPublishers>1</IsCustomProcessingStepAllowedForOtherPublishers>
      <PrimaryEntity>none</PrimaryEntity>
      <LocalizedNames>
        <LocalizedName languagecode="1033" description="GetCallQueueById" />
      </LocalizedNames>
    </Workflow>
    <Workflow WorkflowId="{e2a6e3f7-a333-ed11-9db1-000d3a4f3a19}" Name="UpdateCallQueueAgents">
      <JsonFileName>/Workflows/UpdateCallQueueAgents-E2A6E3F7-A333-ED11-9DB1-000D3A4F3A19.json</JsonFileName>
      <Type>1</Type>
      <Subprocess>0</Subprocess>
      <Category>5</Category>
      <Mode>0</Mode>
      <Scope>4</Scope>
      <OnDemand>0</OnDemand>
      <TriggerOnCreate>0</TriggerOnCreate>
      <TriggerOnDelete>0</TriggerOnDelete>
      <AsyncAutodelete>0</AsyncAutodelete>
      <SyncWorkflowLogOnFailure>0</SyncWorkflowLogOnFailure>
      <StateCode>1</StateCode>
      <StatusCode>2</StatusCode>
      <RunAs>1</RunAs>
      <IsTransacted>1</IsTransacted>
      <IntroducedVersion>1.0.0.0</IntroducedVersion>
      <IsCustomizable>1</IsCustomizable>
      <BusinessProcessType>0</BusinessProcessType>
      <IsCustomProcessingStepAllowedForOtherPublishers>1</IsCustomProcessingStepAllowedForOtherPublishers>
      <PrimaryEntity>none</PrimaryEntity>
      <LocalizedNames>
        <LocalizedName languagecode="1033" description="UpdateCallQueueAgents" />
      </LocalizedNames>
    </Workflow>
    <Workflow WorkflowId="{08ba0421-7022-ed11-b83e-000d3a4f3a19}" Name="GetCallQueues">
      <JsonFileName>/Workflows/GetCallQueues-08BA0421-7022-ED11-B83E-000D3A4F3A19.json</JsonFileName>
      <Type>1</Type>
      <Subprocess>0</Subprocess>
      <Category>5</Category>
      <Mode>0</Mode>
      <Scope>4</Scope>
      <OnDemand>0</OnDemand>
      <TriggerOnCreate>0</TriggerOnCreate>
      <TriggerOnDelete>0</TriggerOnDelete>
      <AsyncAutodelete>0</AsyncAutodelete>
      <SyncWorkflowLogOnFailure>0</SyncWorkflowLogOnFailure>
      <StateCode>1</StateCode>
      <StatusCode>2</StatusCode>
      <RunAs>1</RunAs>
      <IsTransacted>1</IsTransacted>
      <IntroducedVersion>1.0.0.0</IntroducedVersion>
      <IsCustomizable>1</IsCustomizable>
      <BusinessProcessType>0</BusinessProcessType>
      <IsCustomProcessingStepAllowedForOtherPublishers>1</IsCustomProcessingStepAllowedForOtherPublishers>
      <PrimaryEntity>none</PrimaryEntity>
      <LocalizedNames>
        <LocalizedName languagecode="1033" description="GetCallQueues" />
      </LocalizedNames>
    </Workflow>
  </Workflows>
  <FieldSecurityProfiles></FieldSecurityProfiles>
  <Templates />
  <EntityMaps />
  <EntityRelationships />
  <OrganizationSettings />
  <optionsets />
  <CustomControls />
  <EntityDataProviders />
  <CanvasApps>
    <CanvasApp>
      <Name>cr8c9_callqueuescheduler_1886a</Name>
      <AppVersion>2023-01-09T23:20:38Z</AppVersion>
      <Status>Ready</Status>
      <CreatedByClientVersion>3.22122.15.0</CreatedByClientVersion>
      <MinClientVersion>3.22122.15.0</MinClientVersion>
      <Tags>{"primaryDeviceWidth":"1366","primaryDeviceHeight":"768","supportsPortrait":"true","supportsLandscape":"true","primaryFormFactor":"Tablet","publisherVersion":"3.22122.15","minimumRequiredApiVersion":"2.2.0","hasComponent":"false","hasUnlockedComponent":"false","isUnifiedRootApp":"false","sienaVersion":"20230109T173916Z-3.22122.15.0"}</Tags>
      <IsCdsUpgraded>0</IsCdsUpgraded>
      <GalleryItemId xsi:nil="true"></GalleryItemId>
      <BackgroundColor>RGBA(0,176,240,1)</BackgroundColor>
      <DisplayName>Call Queue Scheduler</DisplayName>
      <Description xsi:nil="true"></Description>
      <CommitMessage xsi:nil="true"></CommitMessage>
      <Publisher xsi:nil="true"></Publisher>
      <AuthorizationReferences>[]</AuthorizationReferences>
      <ConnectionReferences>{"28670548-99d0-44ca-8aaa-c12f5f93f83e":{"id":"/providers/microsoft.powerapps/apis/shared_azuread","displayName":"Azure AD","iconUri":"https://connectoricons-prod.azureedge.net/releases/v1.0.1600/1.0.1600.3026/azuread/icon.png","dataSources":["AzureAD"],"dependencies":[],"dependents":[],"parameterHints":{},"parameterHintsV2":{},"isOnPremiseConnection":false,"bypassConsent":false,"dataSets":{},"apiTier":"Standard","actions":["GetUser"],"isCustomApiSolutionAware":false},"30192c6f-8523-4606-8303-b4e967f55495":{"id":"/providers/microsoft.powerapps/apis/shared_sharepointonline","displayName":"SharePoint","iconUri":"https://connectoricons-prod.azureedge.net/u/juanq/gateway/greyhound/3000.150.11/1.0.1613.3116/sharepointonline/icon.png","dataSources":["ShiftsManifest","ShiftsCSVDocuments"],"dependencies":[],"dependents":[],"parameterHints":{},"parameterHintsV2":{},"isOnPremiseConnection":false,"bypassConsent":false,"dataSets":{"https://m365x229910.sharepoint.com/sites/ShiftsManager":{"datasetOverride":{"name":"https://m365x229910.sharepoint.com/sites/ShiftsManager","environmentVariableName":"msl_shared_sharepointonline_df32243463274ea3b54f375180e8a35a"},"dataSources":{"ShiftsCSVDocuments":{"tableName":"d15c6ada-9e10-4908-a49a-ad4698db5470","tableNameOverride":{"name":"d15c6ada-9e10-4908-a49a-ad4698db5470","environmentVariableName":"msl_shared_sharepointonline_276b1f7a73d649ed87606998b9abf39c"}},"ShiftsManifest":{"tableName":"ade46535-7cd3-4418-b872-5b752c830dfa","tableNameOverride":{"name":"ade46535-7cd3-4418-b872-5b752c830dfa","environmentVariableName":"msl_shared_sharepointonline_46f9e6e4aa4142c6b9e609e0a6d5f86e"}}}}},"apiTier":"Standard","actions":["providers/PowerPlatform.Governance/Operations/Read"],"isCustomApiSolutionAware":false},"3823deba-91fb-4057-aaf6-77fec4134af9":{"id":"/providers/microsoft.powerapps/apis/shared_logicflows","displayName":"Logic flows","iconUri":"https://connectoricons-prod.azureedge.net/releases/v1.0.1534/1.0.1534.2605/logicflows/icon.png","dataSources":["UpdateCallQueueAgents"],"dependencies":["473ef36c-2007-4170-9693-eaf184521432"],"dependents":[],"parameterHints":{"473ef36c-2007-4170-9693-eaf184521432":{"value":"shared_cqsconnector-5f17c19400003d0b17-5fd01ab8b34118ed42"},"workflowEntityId":{"value":"e2a6e3f7-a333-ed11-9db1-000d3a4f3a19"},"workflowName":{"value":"f62442a0-b63e-49db-9a13-e8f5c619c22b"}},"parameterHintsV2":{"shared_cqsconnector-5f17c19400003d0b17-5fd01ab8b34118ed42":{"value":"473ef36c-2007-4170-9693-eaf184521432"},"workflowEntityId":{"value":"e2a6e3f7-a333-ed11-9db1-000d3a4f3a19"},"workflowName":{"value":"f62442a0-b63e-49db-9a13-e8f5c619c22b"}},"isOnPremiseConnection":false,"bypassConsent":false,"dataSets":{},"apiTier":"Standard","actions":["Run"],"isCustomApiSolutionAware":false},"473ef36c-2007-4170-9693-eaf184521432":{"id":"/providers/microsoft.powerapps/apis/shared_cqsconnector-5f17c19400003d0b17-5fd01ab8b34118ed42","displayName":"CQSConnector","iconUri":"https://az787822.vo.msecnd.net/defaulticons/api-dedicated.png","dataSources":[],"dependencies":[],"dependents":["3823deba-91fb-4057-aaf6-77fec4134af9","de59e218-2587-41e2-84db-8131bf9f340c","36eadc70-fc1f-470f-adc2-7f52d4ddb7a1","3bb6144e-3416-4f54-923b-4dc3c1089140"],"parameterHints":{},"parameterHintsV2":{},"isOnPremiseConnection":false,"bypassConsent":false,"dataSets":{},"apiTier":"Standard","customApiLogicalName":"cr8c9_cqsconnector","isCustomApiSolutionAware":true},"a8174e32-9508-4250-b501-6d3f9a199f32":{"id":"/providers/microsoft.powerapps/apis/shared_office365users","displayName":"Office 365 Users","iconUri":"https://connectoricons-prod.azureedge.net/releases/v1.0.1611/1.0.1611.3104/office365users/icon.png","dataSources":["Office365Users"],"dependencies":[],"dependents":[],"parameterHints":{},"parameterHintsV2":{},"isOnPremiseConnection":false,"bypassConsent":false,"dataSets":{},"apiTier":"Standard","actions":["UserPhoto_V2","SearchUser"],"isCustomApiSolutionAware":false},"de59e218-2587-41e2-84db-8131bf9f340c":{"id":"/providers/microsoft.powerapps/apis/shared_logicflows","displayName":"Logic flows","iconUri":"https://connectoricons-prod.azureedge.net/releases/v1.0.1534/1.0.1534.2605/logicflows/icon.png","dataSources":["GetCallQueueById"],"dependencies":["473ef36c-2007-4170-9693-eaf184521432"],"dependents":[],"parameterHints":{"workflowName":{"value":"c0f0aabf-5cfc-47f4-9041-bf4e91e12189"},"workflowEntityId":{"value":"c91ebfd0-f956-ed11-bba3-000d3a182161"},"473ef36c-2007-4170-9693-eaf184521432":{"value":"shared_cqsconnector-5f17c19400003d0b17-5fd01ab8b34118ed42"}},"parameterHintsV2":{"workflowName":{"value":"c0f0aabf-5cfc-47f4-9041-bf4e91e12189"},"workflowEntityId":{"value":"c91ebfd0-f956-ed11-bba3-000d3a182161"},"shared_cqsconnector-5f17c19400003d0b17-5fd01ab8b34118ed42":{"value":"473ef36c-2007-4170-9693-eaf184521432"}},"isOnPremiseConnection":false,"bypassConsent":false,"dataSets":{},"apiTier":"Standard","actions":["Run"],"isCustomApiSolutionAware":false},"36eadc70-fc1f-470f-adc2-7f52d4ddb7a1":{"id":"/providers/microsoft.powerapps/apis/shared_logicflows","displayName":"Logic flows","iconUri":"https://connectoricons-prod.azureedge.net/releases/v1.0.1534/1.0.1534.2605/logicflows/icon.png","dataSources":["GetCallQueues"],"dependencies":["473ef36c-2007-4170-9693-eaf184521432"],"dependents":[],"parameterHints":{"workflowName":{"value":"ee0088fa-73c1-455b-95d7-11584e5bbe48"},"workflowEntityId":{"value":"08ba0421-7022-ed11-b83e-000d3a4f3a19"},"473ef36c-2007-4170-9693-eaf184521432":{"value":"shared_cqsconnector-5f17c19400003d0b17-5fd01ab8b34118ed42"}},"parameterHintsV2":{"workflowName":{"value":"ee0088fa-73c1-455b-95d7-11584e5bbe48"},"workflowEntityId":{"value":"08ba0421-7022-ed11-b83e-000d3a4f3a19"},"shared_cqsconnector-5f17c19400003d0b17-5fd01ab8b34118ed42":{"value":"473ef36c-2007-4170-9693-eaf184521432"}},"isOnPremiseConnection":false,"bypassConsent":false,"dataSets":{},"apiTier":"Standard","actions":["Run"],"isCustomApiSolutionAware":false},"3bb6144e-3416-4f54-923b-4dc3c1089140":{"id":"/providers/microsoft.powerapps/apis/shared_logicflows","displayName":"Logic flows","iconUri":"https://connectoricons-prod.azureedge.net/releases/v1.0.1534/1.0.1534.2605/logicflows/icon.png","dataSources":["Upload-ShiftsCSVFile"],"dependencies":["95e52300-c98a-4e5e-8479-1a594775b5be","3cf3cb3b-feef-4b3d-9a78-e3bc5e29ef4c","473ef36c-2007-4170-9693-eaf184521432"],"dependents":[],"parameterHints":{"workflowName":{"value":"ba87047b-039f-4268-b5f5-eaf05c041afe"},"workflowEntityId":{"value":"724ff8c9-0948-ed11-bba1-000d3a182161"},"95e52300-c98a-4e5e-8479-1a594775b5be":{"value":"shared_sharepointonline_2"},"3cf3cb3b-feef-4b3d-9a78-e3bc5e29ef4c":{"value":"shared_office365users"},"473ef36c-2007-4170-9693-eaf184521432":{"value":"shared_cqsconnector-5f17c19400003d0b17-5fd01ab8b34118ed42"}},"parameterHintsV2":{"workflowName":{"value":"ba87047b-039f-4268-b5f5-eaf05c041afe"},"workflowEntityId":{"value":"724ff8c9-0948-ed11-bba1-000d3a182161"},"shared_sharepointonline_2":{"value":"95e52300-c98a-4e5e-8479-1a594775b5be"},"shared_office365users":{"value":"3cf3cb3b-feef-4b3d-9a78-e3bc5e29ef4c"},"shared_cqsconnector-5f17c19400003d0b17-5fd01ab8b34118ed42":{"value":"473ef36c-2007-4170-9693-eaf184521432"}},"isOnPremiseConnection":false,"bypassConsent":false,"dataSets":{},"apiTier":"Standard","actions":["Run"],"isCustomApiSolutionAware":false},"95e52300-c98a-4e5e-8479-1a594775b5be":{"id":"/providers/microsoft.powerapps/apis/shared_sharepointonline","displayName":"SharePoint","iconUri":"https://connectoricons-prod.azureedge.net/u/juanq/gateway/greyhound/3000.150.11/1.0.1613.3116/sharepointonline/icon.png","dataSources":[],"dependencies":[],"dependents":["3bb6144e-3416-4f54-923b-4dc3c1089140"],"parameterHints":{},"parameterHintsV2":{},"isOnPremiseConnection":false,"bypassConsent":false,"dataSets":{},"apiTier":"Standard","actions":["providers/PowerPlatform.Governance/Operations/Read"],"isCustomApiSolutionAware":false},"3cf3cb3b-feef-4b3d-9a78-e3bc5e29ef4c":{"id":"/providers/microsoft.powerapps/apis/shared_office365users","displayName":"Office 365 Users","iconUri":"https://connectoricons-prod.azureedge.net/releases/v1.0.1611/1.0.1611.3104/office365users/icon.png","dataSources":[],"dependencies":[],"dependents":["3bb6144e-3416-4f54-923b-4dc3c1089140"],"parameterHints":{},"parameterHintsV2":{},"isOnPremiseConnection":false,"bypassConsent":false,"dataSets":{},"apiTier":"Standard","isCustomApiSolutionAware":false}}</ConnectionReferences>
      <DatabaseReferences>{"default.cds":{"databaseDetails":{"referenceType":"Environmental","environmentName":"default.cds","overrideValues":{"status":"NotSpecified"}},"dataSources":{"Environment Variable Definitions":{"entitySetName":"environmentvariabledefinitions","logicalName":"environmentvariabledefinition"},"Environment Variable Values":{"entitySetName":"environmentvariablevalues","logicalName":"environmentvariablevalue"}}}}</DatabaseReferences>
      <AppComponents>[]</AppComponents>
      <AppComponentDependencies>[]</AppComponentDependencies>
      <CanConsumeAppPass>1</CanConsumeAppPass>
      <CanvasAppType>0</CanvasAppType>
      <BypassConsent>0</BypassConsent>
      <AdminControlBypassConsent>0</AdminControlBypassConsent>
      <EmbeddedApp xsi:nil="true"></EmbeddedApp>
      <IntroducedVersion>1.0</IntroducedVersion>
      <CdsDependencies>{"cdsdependencies":[{"logicalname":"cr8c9_cqsconnector","componenttype":372,"componenttypeplatformname":"connector"},{"logicalname":"environmentvariabledefinition","componenttype":1},{"logicalname":"environmentvariablevalue","componenttype":1},{"logicalname":"msl_shared_sharepointonline_df32243463274ea3b54f375180e8a35a","componenttype":380,"componenttypeplatformname":"EnvironmentVariableDefinition"},{"logicalname":"msl_shared_sharepointonline_276b1f7a73d649ed87606998b9abf39c","componenttype":380,"componenttypeplatformname":"EnvironmentVariableDefinition"},{"logicalname":"msl_shared_sharepointonline_46f9e6e4aa4142c6b9e609e0a6d5f86e","componenttype":380,"componenttypeplatformname":"EnvironmentVariableDefinition"}]}</CdsDependencies>
      <IsCustomizable>1</IsCustomizable>
      <BackgroundImageUri>/CanvasApps/cr8c9_callqueuescheduler_1886a_BackgroundImageUri</BackgroundImageUri>
      <DocumentUri>/CanvasApps/cr8c9_callqueuescheduler_1886a_DocumentUri.msapp</DocumentUri>
    </CanvasApp>
  </CanvasApps>
  <Connectors>
    <Connector>
      <connectorid>77ff7807-3946-40f8-b27a-1e74cb2dffb8</connectorid>
      <description></description>
      <displayname>CQSConnector</displayname>
      <iconbrandcolor>#007ee5</iconbrandcolor>
      <name>cr8c9_cqsconnector</name>
      <connectortype>1</connectortype>
      <openapidefinition>/Connector/cr8c9_cqsconnector_openapidefinition.json</openapidefinition>
      <connectionparameters>/Connector/cr8c9_cqsconnector_connectionparameters.json</connectionparameters>
      <policytemplateinstances>/Connector/cr8c9_cqsconnector_policytemplateinstances.json</policytemplateinstances>
      <iconblob>/Connector/cr8c9_cqsconnector_iconblob.Png</iconblob>
    </Connector>
  </Connectors>
  <connectionreferences>
    <connectionreference connectionreferencelogicalname="cr8c9_sharedcqsconnector5f17c19400003d0b175fd01ab8b34118ed42_b2d91">
      <connectionreferencedisplayname>CQSConnector CQSAdvVoiceSolution-b2d91</connectionreferencedisplayname>
      <connectorid>/providers/Microsoft.PowerApps/apis/shared_cqsconnector-5f17c19400003d0b17-5fd01ab8b34118ed42</connectorid>
      <customconnectorid>
        <connectorid>77ff7807-3946-40f8-b27a-1e74cb2dffb8</connectorid>
      </customconnectorid>
      <iscustomizable>1</iscustomizable>
      <statecode>0</statecode>
      <statuscode>1</statuscode>
    </connectionreference>
    <connectionreference connectionreferencelogicalname="msl_sharedoffice365users_d4483">
      <connectionreferencedisplayname>Office 365 Users CQSAdvVoiceSolution-d4483</connectionreferencedisplayname>
      <connectorid>/providers/Microsoft.PowerApps/apis/shared_office365users</connectorid>
      <iscustomizable>1</iscustomizable>
      <statecode>0</statecode>
      <statuscode>1</statuscode>
    </connectionreference>
    <connectionreference connectionreferencelogicalname="msl_sharedsharepointonline_34512">
      <connectionreferencedisplayname>SharePoint CQSAdvVoiceSolution-34512</connectionreferencedisplayname>
      <connectorid>/providers/Microsoft.PowerApps/apis/shared_sharepointonline</connectorid>
      <iscustomizable>1</iscustomizable>
      <statecode>0</statecode>
      <statuscode>1</statuscode>
    </connectionreference>
  </connectionreferences>
  <Languages>
    <Language>1033</Language>
  </Languages>
</ImportExportXml>