{"token":{"type":"oAuthSetting","oAuthSettings":{"identityProvider":"aad","scopes":[],"redirectMode":"Global","customParameters":{"LoginUri":{"value":"https://login.windows.net"},"TenantId":{"value":"common"},"ResourceUri":{"value":"@environmentVariables(\"cr8c9_CustomConnectorResourceUrl\")"},"EnableOnbehalfOfLogin":{"value":false}},"clientId":"@environmentVariables(\"cr8c9_CustomConnectorAADAppID\")","clientSecret":"@environmentVariables(\"cr8c9_CustomConnectorAADAppSecret\")"},"uiDefinition":null}}