{
  "IsEncrypted": false,
  "Values": {
    "WEBSITE_AUTH_CLIENT_ID": "f006fcfe-a7ea-486d-bf73-c34558a1d464",
    "WEBSITE_AUTH_TOKEN_STORE": "True",
    "CC-TenantId": "044f7a81-1422-4b3d-8f68-3001456e6406",
    "WEBSITE_SLOT_NAME": "Production",
    "WEBSITE_AUTH_PRESERVE_URL_FRAGMENT": "False",
    "WEBSITE_AUTH_CLIENT_SECRET_SETTING_NAME": "MICROSOFT_PROVIDER_AUTHENTICATION_SECRET",
    "ShiftsMgrSvcAccountPwd": "PES@202209",
    "FUNCTIONS_EXTENSION_VERSION": "~4",
    "ScmType": "None",
    "ShiftMgrCallQueueId": "a072605c-0130-4792-80cf-d379f518358d",
    "REMOTEDEBUGGINGVERSION": "16.0.30709.132",
    "WEBSITE_AUTH_OPENID_ISSUER": "https://sts.windows.net/044f7a81-1422-4b3d-8f68-3001456e6406/v2.0",
    "WEBSITE_AUTH_ALLOWED_AUDIENCES": "api://f006fcfe-a7ea-486d-bf73-c34558a1d464",
    "APPLICATIONINSIGHTS_CONNECTION_STRING": "InstrumentationKey=479562f4-b302-49a6-876b-05b3b8565896;IngestionEndpoint=https://eastus-8.in.applicationinsights.azure.com/;LiveEndpoint=https://eastus.livediagnostics.monitor.azure.com/",
    "FUNCTIONS_RUNTIME_SCALE_MONITORING_ENABLED": "0",
    "APPINSIGHTS_INSTRUMENTATIONKEY": "479562f4-b302-49a6-876b-05b3b8565896",
    "ServiceAccountEmail": "AllanD@M365x229910.OnMicrosoft.com",
    "CC-ClientSecret": ".yk8Q~6Juw~majAgQMwvW.ojnGPp-opqyTkKTbMq",
    "WEBSITE_AUTH_UNAUTHENTICATED_ACTION": "RedirectToLoginPage",
    "MICROSOFT_PROVIDER_AUTHENTICATION_SECRET": ".748Q~gtIrDMZ7WfBQOcW7j-QgFyEI~JissSdbAU",
    "CCServiceAccountPwd": "PES@201909",
    "CC-ClientId": "e758814e-1cd8-47cc-b0a9-f99240fde3a1",
    "WEBSITE_CONTENTAZUREFILECONNECTIONSTRING": "DefaultEndpointsProtocol=https;AccountName=advvoiceappccb3a9;AccountKey=y+NjzoIS7P1PprdrKDyMa/VSyyw9CbD3dm4Ekk30UNBToNzRwINiSrC+sUAx44Vr6pDet5NtoVVC+AStaEweEg==;EndpointSuffix=core.windows.net",
    "WEBSITE_CONTENTSHARE": "msteams-voice-func815c",
    "WEBSITE_AUTH_AUTO_AAD": "True",
    "ShiftsMgrSvcAccountId": "shiftmgr@m365x229910.onmicrosoft.com",
    "AzureWebJobsStorage": "DefaultEndpointsProtocol=https;AccountName=advvoiceappccb3a9;AccountKey=y+NjzoIS7P1PprdrKDyMa/VSyyw9CbD3dm4Ekk30UNBToNzRwINiSrC+sUAx44Vr6pDet5NtoVVC+AStaEweEg==;EndpointSuffix=core.windows.net",
    "FUNCTIONS_WORKER_RUNTIME": "powershell",
    "WEBSITE_AUTH_ENABLED": "True",
    "CCServiceAccountId": "AllanD@M365x229910.OnMicrosoft.com",
    "WEBSITE_SITE_NAME": "msteams-voice-func",
    "WEBSITE_AUTH_DEFAULT_PROVIDER": "azureactivedirectory"
  }
}