<environmentvariabledefinition schemaname="msl_shared_sharepointonline_df32243463274ea3b54f375180e8a35a">
  <apiid>/providers/microsoft.powerapps/apis/shared_sharepointonline</apiid>
  <displayname default="Shifts Manager - https://m365x229910.sharepoint.com/sites/ShiftsManager">
    <label description="Shifts Manager - https://m365x229910.sharepoint.com/sites/ShiftsManager" languagecode="1033" />
  </displayname>
  <introducedversion>1.0.0.1</introducedversion>
  <iscustomizable>1</iscustomizable>
  <isrequired>0</isrequired>
  <parameterkey>dataset</parameterkey>
  <secretstore>0</secretstore>
  <type>100000004</type>
</environmentvariabledefinition>